Profile	Rawfilename	yyyy-mm-dd hh:mm	Depth [m]	Sampled volume [L]	LPM (1-2 µm) [# l-1]	LPM (2-4 µm) [# l-1]	LPM (4-8 µm) [# l-1]	LPM (8-16 µm) [# l-1]	LPM (16-32 µm) [# l-1]	LPM (32-64 µm) [# l-1]	LPM (64-128 µm) [# l-1]	LPM (128-256 µm) [# l-1]	LPM (256-512 µm) [# l-1]	LPM (0.512-1.02 mm) [# l-1]	LPM (1.02-2.05 mm) [# l-1]	LPM (2.05-4.1 mm) [# l-1]	LPM (4.1-8.19 mm) [# l-1]	LPM (8.19-16.4 mm) [# l-1]	LPM (>16.4 mm) [# l-1]	LPM biovolume (1-2 µm) [mm3 l-1]	LPM biovolume (2-4 µm) [mm3 l-1]	LPM biovolume (4-8 µm) [mm3 l-1]	LPM biovolume (8-16 µm) [mm3 l-1]	LPM biovolume (16-32 µm) [mm3 l-1]	LPM biovolume (32-64 µm) [mm3 l-1]	LPM biovolume (64-128 µm) [mm3 l-1]	LPM biovolume (128-256 µm) [mm3 l-1]	LPM biovolume (256-512 µm) [mm3 l-1]	LPM biovolume (0.512-1.02 mm) [mm3 l-1]	LPM biovolume (1.02-2.05 mm) [mm3 l-1]	LPM biovolume (2.05-4.1 mm) [mm3 l-1]	LPM biovolume (4.1-8.19 mm) [mm3 l-1]	LPM biovolume (8.19-16.4 mm) [mm3 l-1]	LPM biovolume (>16.4 mm) [mm3 l-1]	chloro fluo [mg chl m-3]	conductivity [ms cm-1]	cpar [%]	depth [m]	fcdom [ppb qse]	in situ density anomaly [kg m-3]	nitrate [umol l-1]	oxygen [umol kg-1]	oxygen [ml l-1]	par [umol m-2 s-1]	potential density anomaly [kg m-3]	potential temperature [degc]	practical salinity [psu]	pressure [db]	qc flag	spar [umol m-2 s-1]	temperature [degc]	extrames01	extrames02	extrames03	extrames04	extrames05	extrames06	extrames07	extrames08	extrames09	extrames10	extrames11	extrames12	extrames13	extrames14	extrames15	extrames16	extrames17	extrames18	extrames19	extrames20
lambdasample02	HDRlambdasample02_UVPSN_DEPTH_LPM.txt	2019-11-21 02:00:00	2.5	2.26	0.0	0.0	0.0	0.0	0.0	637.1681415929204	31.85840707964602	96.01769911504425	0.0	0.0	0.0	0.0	0.0	0.0	0.0	0.0	0.0	0.0	0.0	0.0	0.0	0.0	0.0	0.0	0.0	0.0	0.0	0.0	0.0	0.0																																					
lambdasample02	HDRlambdasample02_UVPSN_DEPTH_LPM.txt	2019-11-21 02:01:03	7.5	2.26	0.0	0.0	0.0	0.0	0.0	634.5132743362832	30.530973451327437	94.24778761061948	0.0	0.0	0.0	0.0	0.0	0.0	0.0	0.0	0.0	0.0	0.0	0.0	0.0	0.0	0.0	0.0	0.0	0.0	0.0	0.0	0.0	0.0																																					
lambdasample02	HDRlambdasample02_UVPSN_DEPTH_LPM.txt	2019-11-21 02:02:06	12.5	2.26	0.0	0.0	0.0	0.0	0.0	632.7433628318585	29.646017699115045	93.36283185840709	0.0	0.0	0.0	0.0	0.0	0.0	0.0	0.0	0.0	0.0	0.0	0.0	0.0	0.0	0.0	0.0	0.0	0.0	0.0	0.0	0.0	0.0																																					
lambdasample02	HDRlambdasample02_UVPSN_DEPTH_LPM.txt	2019-11-21 02:03:09	17.5	2.26	0.0	0.0	0.0	0.0	0.0	630.0884955752213	28.31858407079646	92.0353982300885	0.0	0.0	0.0	0.0	0.0	0.0	0.0	0.0	0.0	0.0	0.0	0.0	0.0	0.0	0.0	0.0	0.0	0.0	0.0	0.0	0.0	0.0																																					
lambdasample02	HDRlambdasample02_UVPSN_DEPTH_LPM.txt	2019-11-21 02:04:12	22.5	2.26	0.0	0.0	0.0	0.0	0.0	628.3185840707965	27.433628318584073	91.15044247787611	0.0	0.0	0.0	0.0	0.0	0.0	0.0	0.0	0.0	0.0	0.0	0.0	0.0	0.0	0.0	0.0	0.0	0.0	0.0	0.0	0.0	0.0																																					
lambdasample02	HDRlambdasample02_UVPSN_DEPTH_LPM.txt	2019-11-21 02:05:15	27.5	2.26	0.0	0.0	0.0	0.0	0.0	626.5486725663717	26.548672566371685	90.26548672566372	0.0	0.0	0.0	0.0	0.0	0.0	0.0	0.0	0.0	0.0	0.0	0.0	0.0	0.0	0.0	0.0	0.0	0.0	0.0	0.0	0.0	0.0																																					
lambdasample02	HDRlambdasample02_UVPSN_DEPTH_LPM.txt	2019-11-21 02:06:18	32.5	2.26	0.0	0.0	0.0	0.0	0.0	623.8938053097346	25.2212389380531	89.38053097345134	0.0	0.0	0.0	0.0	0.0	0.0	0.0	0.0	0.0	0.0	0.0	0.0	0.0	0.0	0.0	0.0	0.0	0.0	0.0	0.0	0.0	0.0																																					
lambdasample02	HDRlambdasample02_UVPSN_DEPTH_LPM.txt	2019-11-21 02:07:21	37.5	2.26	0.0	0.0	0.0	0.0	0.0	622.1238938053098	24.33628318584071	88.49557522123895	0.0	0.0	0.0	0.0	0.0	0.0	0.0	0.0	0.0	0.0	0.0	0.0	0.0	0.0	0.0	0.0	0.0	0.0	0.0	0.0	0.0	0.0																																					
lambdasample02	HDRlambdasample02_UVPSN_DEPTH_LPM.txt	2019-11-21 02:08:24	42.5	2.26	0.0	0.0	0.0	0.0	0.0	619.4690265486727	23.008849557522126	88.05309734513276	0.0	0.0	0.0	0.0	0.0	0.0	0.0	0.0	0.0	0.0	0.0	0.0	0.0	0.0	0.0	0.0	0.0	0.0	0.0	0.0	0.0	0.0																																					
lambdasample02	HDRlambdasample02_UVPSN_DEPTH_LPM.txt	2019-11-21 02:09:27	47.5	2.26	0.0	0.0	0.0	0.0	0.0	617.6991150442478	22.123893805309738	87.16814159292036	0.0	0.0	0.0	0.0	0.0	0.0	0.0	0.0	0.0	0.0	0.0	0.0	0.0	0.0	0.0	0.0	0.0	0.0	0.0	0.0	0.0	0.0																																					
lambdasample02	HDRlambdasample02_UVPSN_DEPTH_LPM.txt	2019-11-21 02:10:30	52.5	2.26	0.0	0.0	0.0	0.0	0.0	615.9292035398231	21.238938053097346	86.72566371681417	0.0	0.0	0.0	0.0	0.0	0.0	0.0	0.0	0.0	0.0	0.0	0.0	0.0	0.0	0.0	0.0	0.0	0.0	0.0	0.0	0.0	0.0																																					
lambdasample02	HDRlambdasample02_UVPSN_DEPTH_LPM.txt	2019-11-21 02:11:33	57.5	2.26	0.0	0.0	0.0	0.0	0.0	613.2743362831859	19.911504424778762	85.84070796460178	0.0	0.0	0.0	0.0	0.0	0.0	0.0	0.0	0.0	0.0	0.0	0.0	0.0	0.0	0.0	0.0	0.0	0.0	0.0	0.0	0.0	0.0																																					
lambdasample02	HDRlambdasample02_UVPSN_DEPTH_LPM.txt	2019-11-21 02:12:36	62.5	2.26	0.0	0.0	0.0	0.0	0.0	611.5044247787611	19.026548672566374	85.39823008849558	0.0	0.0	0.0	0.0	0.0	0.0	0.0	0.0	0.0	0.0	0.0	0.0	0.0	0.0	0.0	0.0	0.0	0.0	0.0	0.0	0.0	0.0																																					
lambdasample02	HDRlambdasample02_UVPSN_DEPTH_LPM.txt	2019-11-21 02:13:39	67.5	2.26	0.0	0.0	0.0	0.0	0.0	608.849557522124	17.69911504424779	84.070796460177	0.0	0.0	0.0	0.0	0.0	0.0	0.0	0.0	0.0	0.0	0.0	0.0	0.0	0.0	0.0	0.0	0.0	0.0	0.0	0.0	0.0	0.0																																					
lambdasample02	HDRlambdasample02_UVPSN_DEPTH_LPM.txt	2019-11-21 02:14:42	72.5	2.26	0.0	0.0	0.0	0.0	0.0	607.0796460176991	16.8141592920354	83.62831858407081	0.0	0.0	0.0	0.0	0.0	0.0	0.0	0.0	0.0	0.0	0.0	0.0	0.0	0.0	0.0	0.0	0.0	0.0	0.0	0.0	0.0	0.0																																					
lambdasample02	HDRlambdasample02_UVPSN_DEPTH_LPM.txt	2019-11-21 02:15:45	77.5	2.26	0.0	0.0	0.0	0.0	0.0	605.3097345132744	15.92920353982301	83.18584070796462	0.0	0.0	0.0	0.0	0.0	0.0	0.0	0.0	0.0	0.0	0.0	0.0	0.0	0.0	0.0	0.0	0.0	0.0	0.0	0.0	0.0	0.0																																					
lambdasample02	HDRlambdasample02_UVPSN_DEPTH_LPM.txt	2019-11-21 02:16:48	82.5	2.26	0.0	0.0	0.0	0.0	0.0	602.6548672566372	14.601769911504427	82.74336283185842	0.0	0.0	0.0	0.0	0.0	0.0	0.0	0.0	0.0	0.0	0.0	0.0	0.0	0.0	0.0	0.0	0.0	0.0	0.0	0.0	0.0	0.0																																					
lambdasample02	HDRlambdasample02_UVPSN_DEPTH_LPM.txt	2019-11-21 02:17:51	87.5	2.26	0.0	0.0	0.0	0.0	0.0	600.8849557522125	13.716814159292037	82.30088495575222	0.0	0.0	0.0	0.0	0.0	0.0	0.0	0.0	0.0	0.0	0.0	0.0	0.0	0.0	0.0	0.0	0.0	0.0	0.0	0.0	0.0	0.0																																					
lambdasample02	HDRlambdasample02_UVPSN_DEPTH_LPM.txt	2019-11-21 02:18:54	92.5	2.26	0.0	0.0	0.0	0.0	0.0	598.2300884955753	12.389380530973453	81.41592920353983	0.0	0.0	0.0	0.0	0.0	0.0	0.0	0.0	0.0	0.0	0.0	0.0	0.0	0.0	0.0	0.0	0.0	0.0	0.0	0.0	0.0	0.0																																					
lambdasample02	HDRlambdasample02_UVPSN_DEPTH_LPM.txt	2019-11-21 02:19:57	97.5	2.26	0.0	0.0	0.0	0.0	0.0	596.4601769911505	11.504424778761063	80.97345132743364	0.0	0.0	0.0	0.0	0.0	0.0	0.0	0.0	0.0	0.0	0.0	0.0	0.0	0.0	0.0	0.0	0.0	0.0	0.0	0.0	0.0	0.0																																					
lambdasample02	HDRlambdasample02_UVPSN_DEPTH_LPM.txt	2019-11-21 02:21:00	102.5	2.26	0.0	0.0	0.0	0.0	0.0	594.6902654867257	10.619469026548673	80.97345132743364	0.0	0.0	0.0	0.0	0.0	0.0	0.0	0.0	0.0	0.0	0.0	0.0	0.0	0.0	0.0	0.0	0.0	0.0	0.0	0.0	0.0	0.0																																					
lambdasample02	HDRlambdasample02_UVPSN_DEPTH_LPM.txt	2019-11-21 02:22:03	107.5	2.26	0.0	0.0	0.0	0.0	0.0	592.0353982300885	10.619469026548673	80.53097345132744	0.0	0.0	0.0	0.0	0.0	0.0	0.0	0.0	0.0	0.0	0.0	0.0	0.0	0.0	0.0	0.0	0.0	0.0	0.0	0.0	0.0	0.0																																					
lambdasample02	HDRlambdasample02_UVPSN_DEPTH_LPM.txt	2019-11-21 02:23:06	112.5	2.26	0.0	0.0	0.0	0.0	0.0	590.2654867256638	10.619469026548673	80.08849557522124	0.0	0.0	0.0	0.0	0.0	0.0	0.0	0.0	0.0	0.0	0.0	0.0	0.0	0.0	0.0	0.0	0.0	0.0	0.0	0.0	0.0	0.0																																					
lambdasample02	HDRlambdasample02_UVPSN_DEPTH_LPM.txt	2019-11-21 02:24:09	117.5	2.26	0.0	0.0	0.0	0.0	0.0	587.6106194690266	10.619469026548673	79.64601769911505	0.0	0.0	0.0	0.0	0.0	0.0	0.0	0.0	0.0	0.0	0.0	0.0	0.0	0.0	0.0	0.0	0.0	0.0	0.0	0.0	0.0	0.0																																					
lambdasample02	HDRlambdasample02_UVPSN_DEPTH_LPM.txt	2019-11-21 02:25:12	122.5	2.26	0.0	0.0	0.0	0.0	0.0	585.8407079646018	10.619469026548673	79.20353982300885	0.0	0.0	0.0	0.0	0.0	0.0	0.0	0.0	0.0	0.0	0.0	0.0	0.0	0.0	0.0	0.0	0.0	0.0	0.0	0.0	0.0	0.0																																					
lambdasample02	HDRlambdasample02_UVPSN_DEPTH_LPM.txt	2019-11-21 02:26:15	127.5	2.26	0.0	0.0	0.0	0.0	0.0	584.070796460177	10.619469026548673	78.31858407079646	0.0	0.0	0.0	0.0	0.0	0.0	0.0	0.0	0.0	0.0	0.0	0.0	0.0	0.0	0.0	0.0	0.0	0.0	0.0	0.0	0.0	0.0																																					
lambdasample02	HDRlambdasample02_UVPSN_DEPTH_LPM.txt	2019-11-21 02:27:18	132.5	2.26	0.0	0.0	0.0	0.0	0.0	581.4159292035399	10.619469026548673	77.87610619469027	0.0	0.0	0.0	0.0	0.0	0.0	0.0	0.0	0.0	0.0	0.0	0.0	0.0	0.0	0.0	0.0	0.0	0.0	0.0	0.0	0.0	0.0																																					
lambdasample02	HDRlambdasample02_UVPSN_DEPTH_LPM.txt	2019-11-21 02:28:21	137.5	2.26	0.0	0.0	0.0	0.0	0.0	579.6460176991151	10.619469026548673	77.87610619469027	0.0	0.0	0.0	0.0	0.0	0.0	0.0	0.0	0.0	0.0	0.0	0.0	0.0	0.0	0.0	0.0	0.0	0.0	0.0	0.0	0.0	0.0																																					
lambdasample02	HDRlambdasample02_UVPSN_DEPTH_LPM.txt	2019-11-21 02:29:24	142.5	2.26	0.0	0.0	0.0	0.0	0.0	576.9911504424779	10.619469026548673	77.43362831858408	0.0	0.0	0.0	0.0	0.0	0.0	0.0	0.0	0.0	0.0	0.0	0.0	0.0	0.0	0.0	0.0	0.0	0.0	0.0	0.0	0.0	0.0																																					
lambdasample02	HDRlambdasample02_UVPSN_DEPTH_LPM.txt	2019-11-21 02:30:27	147.5	2.26	0.0	0.0	0.0	0.0	0.0	575.2212389380531	10.619469026548673	76.99115044247789	0.0	0.0	0.0	0.0	0.0	0.0	0.0	0.0	0.0	0.0	0.0	0.0	0.0	0.0	0.0	0.0	0.0	0.0	0.0	0.0	0.0	0.0																																					
lambdasample02	HDRlambdasample02_UVPSN_DEPTH_LPM.txt	2019-11-21 02:31:30	152.5	2.26	0.0	0.0	0.0	0.0	0.0	573.4513274336284	10.619469026548673	76.99115044247789	0.0	0.0	0.0	0.0	0.0	0.0	0.0	0.0	0.0	0.0	0.0	0.0	0.0	0.0	0.0	0.0	0.0	0.0	0.0	0.0	0.0	0.0																																					
lambdasample02	HDRlambdasample02_UVPSN_DEPTH_LPM.txt	2019-11-21 02:32:33	157.5	2.26	0.0	0.0	0.0	0.0	0.0	570.7964601769912	10.619469026548673	76.54867256637169	0.0	0.0	0.0	0.0	0.0	0.0	0.0	0.0	0.0	0.0	0.0	0.0	0.0	0.0	0.0	0.0	0.0	0.0	0.0	0.0	0.0	0.0																																					
lambdasample02	HDRlambdasample02_UVPSN_DEPTH_LPM.txt	2019-11-21 02:33:36	162.5	2.26	0.0	0.0	0.0	0.0	0.0	569.0265486725664	10.619469026548673	76.1061946902655	0.0	0.0	0.0	0.0	0.0	0.0	0.0	0.0	0.0	0.0	0.0	0.0	0.0	0.0	0.0	0.0	0.0	0.0	0.0	0.0	0.0	0.0																																					
lambdasample02	HDRlambdasample02_UVPSN_DEPTH_LPM.txt	2019-11-21 02:34:39	167.5	2.26	0.0	0.0	0.0	0.0	0.0	566.3716814159293	10.619469026548673	76.1061946902655	0.0	0.0	0.0	0.0	0.0	0.0	0.0	0.0	0.0	0.0	0.0	0.0	0.0	0.0	0.0	0.0	0.0	0.0	0.0	0.0	0.0	0.0																																					
lambdasample02	HDRlambdasample02_UVPSN_DEPTH_LPM.txt	2019-11-21 02:35:42	172.5	2.26	0.0	0.0	0.0	0.0	0.0	564.6017699115044	10.619469026548673	75.6637168141593	0.0	0.0	0.0	0.0	0.0	0.0	0.0	0.0	0.0	0.0	0.0	0.0	0.0	0.0	0.0	0.0	0.0	0.0	0.0	0.0	0.0	0.0																																					
lambdasample02	HDRlambdasample02_UVPSN_DEPTH_LPM.txt	2019-11-21 02:36:45	177.5	2.26	0.0	0.0	0.0	0.0	0.0	562.8318584070797	10.619469026548673	75.2212389380531	0.0	0.0	0.0	0.0	0.0	0.0	0.0	0.0	0.0	0.0	0.0	0.0	0.0	0.0	0.0	0.0	0.0	0.0	0.0	0.0	0.0	0.0																																					
lambdasample02	HDRlambdasample02_UVPSN_DEPTH_LPM.txt	2019-11-21 02:37:48	182.5	2.26	0.0	0.0	0.0	0.0	0.0	560.1769911504425	10.619469026548673	75.2212389380531	0.0	0.0	0.0	0.0	0.0	0.0	0.0	0.0	0.0	0.0	0.0	0.0	0.0	0.0	0.0	0.0	0.0	0.0	0.0	0.0	0.0	0.0																																					
lambdasample02	HDRlambdasample02_UVPSN_DEPTH_LPM.txt	2019-11-21 02:38:51	187.5	2.26	0.0	0.0	0.0	0.0	0.0	558.4070796460178	10.619469026548673	74.33628318584071	0.0	0.0	0.0	0.0	0.0	0.0	0.0	0.0	0.0	0.0	0.0	0.0	0.0	0.0	0.0	0.0	0.0	0.0	0.0	0.0	0.0	0.0																																					
lambdasample02	HDRlambdasample02_UVPSN_DEPTH_LPM.txt	2019-11-21 02:39:54	192.5	2.26	0.0	0.0	0.0	0.0	0.0	555.7522123893806	10.619469026548673	74.33628318584071	0.0	0.0	0.0	0.0	0.0	0.0	0.0	0.0	0.0	0.0	0.0	0.0	0.0	0.0	0.0	0.0	0.0	0.0	0.0	0.0	0.0	0.0																																					
lambdasample02	HDRlambdasample02_UVPSN_DEPTH_LPM.txt	2019-11-21 02:40:57	197.5	2.26	0.0	0.0	0.0	0.0	0.0	553.9823008849557	10.619469026548673	73.89380530973452	0.0	0.0	0.0	0.0	0.0	0.0	0.0	0.0	0.0	0.0	0.0	0.0	0.0	0.0	0.0	0.0	0.0	0.0	0.0	0.0	0.0	0.0																																					
lambdasample02	HDRlambdasample02_UVPSN_DEPTH_LPM.txt	2019-11-21 02:42:00	202.5	2.26	0.0	0.0	0.0	0.0	0.0	552.212389380531	26.548672566371685	73.89380530973452	0.0	0.0	0.0	0.0	0.0	0.0	0.0	0.0	0.0	0.0	0.0	0.0	0.0	0.0	0.0	0.0	0.0	0.0	0.0	0.0	0.0	0.0																																					
lambdasample02	HDRlambdasample02_UVPSN_DEPTH_LPM.txt	2019-11-21 02:43:03	207.5	2.26	0.0	0.0	0.0	0.0	0.0	549.5575221238938	10.619469026548673	73.45132743362832	0.0	0.0	0.0	0.0	0.0	0.0	0.0	0.0	0.0	0.0	0.0	0.0	0.0	0.0	0.0	0.0	0.0	0.0	0.0	0.0	0.0	0.0																																					
lambdasample02	HDRlambdasample02_UVPSN_DEPTH_LPM.txt	2019-11-21 02:44:06	212.5	2.26	0.0	0.0	0.0	0.0	0.0	547.7876106194691	10.619469026548673	73.45132743362832	0.0	0.0	0.0	0.0	0.0	0.0	0.0	0.0	0.0	0.0	0.0	0.0	0.0	0.0	0.0	0.0	0.0	0.0	0.0	0.0	0.0	0.0																																					
lambdasample02	HDRlambdasample02_UVPSN_DEPTH_LPM.txt	2019-11-21 02:45:09	217.5	2.26	0.0	0.0	0.0	0.0	0.0	545.1327433628319	10.619469026548673	73.00884955752213	0.0	0.0	0.0	0.0	0.0	0.0	0.0	0.0	0.0	0.0	0.0	0.0	0.0	0.0	0.0	0.0	0.0	0.0	0.0	0.0	0.0	0.0																																					
lambdasample02	HDRlambdasample02_UVPSN_DEPTH_LPM.txt	2019-11-21 02:46:12	222.5	2.26	0.0	0.0	0.0	0.0	0.0	543.3628318584072	10.619469026548673	73.00884955752213	0.0	0.0	0.0	0.0	0.0	0.0	0.0	0.0	0.0	0.0	0.0	0.0	0.0	0.0	0.0	0.0	0.0	0.0	0.0	0.0	0.0	0.0																																					
lambdasample02	HDRlambdasample02_UVPSN_DEPTH_LPM.txt	2019-11-21 02:47:15	227.5	2.26	0.0	0.0	0.0	0.0	0.0	541.5929203539823	10.619469026548673	73.00884955752213	0.0	0.0	0.0	0.0	0.0	0.0	0.0	0.0	0.0	0.0	0.0	0.0	0.0	0.0	0.0	0.0	0.0	0.0	0.0	0.0	0.0	0.0																																					
lambdasample02	HDRlambdasample02_UVPSN_DEPTH_LPM.txt	2019-11-21 02:48:18	232.5	2.26	0.0	0.0	0.0	0.0	0.0	538.9380530973452	10.619469026548673	72.56637168141593	0.0	0.0	0.0	0.0	0.0	0.0	0.0	0.0	0.0	0.0	0.0	0.0	0.0	0.0	0.0	0.0	0.0	0.0	0.0	0.0	0.0	0.0																																					
lambdasample02	HDRlambdasample02_UVPSN_DEPTH_LPM.txt	2019-11-21 02:49:21	237.5	2.26	0.0	0.0	0.0	0.0	0.0	537.1681415929204	10.619469026548673	72.12389380530973	0.0	0.0	0.0	0.0	0.0	0.0	0.0	0.0	0.0	0.0	0.0	0.0	0.0	0.0	0.0	0.0	0.0	0.0	0.0	0.0	0.0	0.0																																					
lambdasample02	HDRlambdasample02_UVPSN_DEPTH_LPM.txt	2019-11-21 02:50:24	242.5	2.26	0.0	0.0	0.0	0.0	0.0	534.5132743362832	10.619469026548673	71.68141592920355	0.0	0.0	0.0	0.0	0.0	0.0	0.0	0.0	0.0	0.0	0.0	0.0	0.0	0.0	0.0	0.0	0.0	0.0	0.0	0.0	0.0	0.0																																					
lambdasample02	HDRlambdasample02_UVPSN_DEPTH_LPM.txt	2019-11-21 02:51:27	247.5	2.26	0.0	0.0	0.0	0.0	0.0	532.7433628318585	10.619469026548673	71.68141592920355	0.0	0.0	0.0	0.0	0.0	0.0	0.0	0.0	0.0	0.0	0.0	0.0	0.0	0.0	0.0	0.0	0.0	0.0	0.0	0.0	0.0	0.0																																					
lambdasample02	HDRlambdasample02_UVPSN_DEPTH_LPM.txt	2019-11-21 02:52:30	252.5	2.26	0.0	0.0	0.0	0.0	0.0	530.9734513274336	10.619469026548673	71.68141592920355	0.0	0.0	0.0	0.0	0.0	0.0	0.0	0.0	0.0	0.0	0.0	0.0	0.0	0.0	0.0	0.0	0.0	0.0	0.0	0.0	0.0	0.0																																					
lambdasample02	HDRlambdasample02_UVPSN_DEPTH_LPM.txt	2019-11-21 02:53:33	257.5	2.26	0.0	0.0	0.0	0.0	0.0	528.3185840707965	10.619469026548673	71.23893805309736	0.0	0.0	0.0	0.0	0.0	0.0	0.0	0.0	0.0	0.0	0.0	0.0	0.0	0.0	0.0	0.0	0.0	0.0	0.0	0.0	0.0	0.0																																					
lambdasample02	HDRlambdasample02_UVPSN_DEPTH_LPM.txt	2019-11-21 02:54:36	262.5	2.26	0.0	0.0	0.0	0.0	0.0	526.5486725663717	10.619469026548673	71.23893805309736	0.0	0.0	0.0	0.0	0.0	0.0	0.0	0.0	0.0	0.0	0.0	0.0	0.0	0.0	0.0	0.0	0.0	0.0	0.0	0.0	0.0	0.0																																					
lambdasample02	HDRlambdasample02_UVPSN_DEPTH_LPM.txt	2019-11-21 02:55:39	267.5	2.26	0.0	0.0	0.0	0.0	0.0	523.8938053097346	10.619469026548673	70.79646017699116	0.0	0.0	0.0	0.0	0.0	0.0	0.0	0.0	0.0	0.0	0.0	0.0	0.0	0.0	0.0	0.0	0.0	0.0	0.0	0.0	0.0	0.0																																					
lambdasample02	HDRlambdasample02_UVPSN_DEPTH_LPM.txt	2019-11-21 02:56:42	272.5	2.26	0.0	0.0	0.0	0.0	0.0	522.1238938053098	10.619469026548673	70.79646017699116	0.0	0.0	0.0	0.0	0.0	0.0	0.0	0.0	0.0	0.0	0.0	0.0	0.0	0.0	0.0	0.0	0.0	0.0	0.0	0.0	0.0	0.0																																					
lambdasample02	HDRlambdasample02_UVPSN_DEPTH_LPM.txt	2019-11-21 02:57:45	277.5	2.26	0.0	0.0	0.0	0.0	0.0	520.353982300885	10.619469026548673	70.79646017699116	0.0	0.0	0.0	0.0	0.0	0.0	0.0	0.0	0.0	0.0	0.0	0.0	0.0	0.0	0.0	0.0	0.0	0.0	0.0	0.0	0.0	0.0																																					
lambdasample02	HDRlambdasample02_UVPSN_DEPTH_LPM.txt	2019-11-21 02:58:48	282.5	2.26	0.0	0.0	0.0	0.0	0.0	517.6991150442478	10.619469026548673	70.35398230088497	0.0	0.0	0.0	0.0	0.0	0.0	0.0	0.0	0.0	0.0	0.0	0.0	0.0	0.0	0.0	0.0	0.0	0.0	0.0	0.0	0.0	0.0																																					
lambdasample02	HDRlambdasample02_UVPSN_DEPTH_LPM.txt	2019-11-21 02:59:51	287.5	2.26	0.0	0.0	0.0	0.0	0.0	515.9292035398231	10.619469026548673	70.35398230088497	0.0	0.0	0.0	0.0	0.0	0.0	0.0	0.0	0.0	0.0	0.0	0.0	0.0	0.0	0.0	0.0	0.0	0.0	0.0	0.0	0.0	0.0																																					
lambdasample02	HDRlambdasample02_UVPSN_DEPTH_LPM.txt	2019-11-21 03:00:54	292.5	2.26	0.0	0.0	0.0	0.0	0.0	513.2743362831859	10.619469026548673	69.91150442477877	0.0	0.0	0.0	0.0	0.0	0.0	0.0	0.0	0.0	0.0	0.0	0.0	0.0	0.0	0.0	0.0	0.0	0.0	0.0	0.0	0.0	0.0																																					
lambdasample02	HDRlambdasample02_UVPSN_DEPTH_LPM.txt	2019-11-21 03:01:57	297.5	2.26	0.0	0.0	0.0	0.0	0.0	511.5044247787611	10.619469026548673	69.46902654867257	0.0	0.0	0.0	0.0	0.0	0.0	0.0	0.0	0.0	0.0	0.0	0.0	0.0	0.0	0.0	0.0	0.0	0.0	0.0	0.0	0.0	0.0																																					
lambdasample02	HDRlambdasample02_UVPSN_DEPTH_LPM.txt	2019-11-21 03:03:00	302.5	2.26	0.0	0.0	0.0	0.0	0.0	509.73451327433634	10.619469026548673	69.46902654867257	0.0	0.0	0.0	0.0	0.0	0.0	0.0	0.0	0.0	0.0	0.0	0.0	0.0	0.0	0.0	0.0	0.0	0.0	0.0	0.0	0.0	0.0																																					
lambdasample02	HDRlambdasample02_UVPSN_DEPTH_LPM.txt	2019-11-21 03:04:03	307.5	2.26	0.0	0.0	0.0	0.0	0.0	507.0796460176992	10.619469026548673	69.46902654867257	0.0	0.0	0.0	0.0	0.0	0.0	0.0	0.0	0.0	0.0	0.0	0.0	0.0	0.0	0.0	0.0	0.0	0.0	0.0	0.0	0.0	0.0																																					
lambdasample02	HDRlambdasample02_UVPSN_DEPTH_LPM.txt	2019-11-21 03:05:06	312.5	2.26	0.0	0.0	0.0	0.0	0.0	505.3097345132744	10.619469026548673	69.46902654867257	0.0	0.0	0.0	0.0	0.0	0.0	0.0	0.0	0.0	0.0	0.0	0.0	0.0	0.0	0.0	0.0	0.0	0.0	0.0	0.0	0.0	0.0																																					
lambdasample02	HDRlambdasample02_UVPSN_DEPTH_LPM.txt	2019-11-21 03:06:09	317.5	2.26	0.0	0.0	0.0	0.0	0.0	502.6548672566372	10.619469026548673	69.02654867256638	0.0	0.0	0.0	0.0	0.0	0.0	0.0	0.0	0.0	0.0	0.0	0.0	0.0	0.0	0.0	0.0	0.0	0.0	0.0	0.0	0.0	0.0																																					
lambdasample02	HDRlambdasample02_UVPSN_DEPTH_LPM.txt	2019-11-21 03:07:12	322.5	2.26	0.0	0.0	0.0	0.0	0.0	500.8849557522124	10.619469026548673	69.02654867256638	0.0	0.0	0.0	0.0	0.0	0.0	0.0	0.0	0.0	0.0	0.0	0.0	0.0	0.0	0.0	0.0	0.0	0.0	0.0	0.0	0.0	0.0																																					
lambdasample02	HDRlambdasample02_UVPSN_DEPTH_LPM.txt	2019-11-21 03:08:15	327.5	2.26	0.0	0.0	0.0	0.0	0.0	499.11504424778764	10.619469026548673	69.02654867256638	0.0	0.0	0.0	0.0	0.0	0.0	0.0	0.0	0.0	0.0	0.0	0.0	0.0	0.0	0.0	0.0	0.0	0.0	0.0	0.0	0.0	0.0																																					
lambdasample02	HDRlambdasample02_UVPSN_DEPTH_LPM.txt	2019-11-21 03:09:18	332.5	2.26	0.0	0.0	0.0	0.0	0.0	496.4601769911505	10.619469026548673	68.58407079646018	0.0	0.0	0.0	0.0	0.0	0.0	0.0	0.0	0.0	0.0	0.0	0.0	0.0	0.0	0.0	0.0	0.0	0.0	0.0	0.0	0.0	0.0																																					
lambdasample02	HDRlambdasample02_UVPSN_DEPTH_LPM.txt	2019-11-21 03:10:21	337.5	2.26	0.0	0.0	0.0	0.0	0.0	494.6902654867257	10.619469026548673	68.58407079646018	0.0	0.0	0.0	0.0	0.0	0.0	0.0	0.0	0.0	0.0	0.0	0.0	0.0	0.0	0.0	0.0	0.0	0.0	0.0	0.0	0.0	0.0																																					
lambdasample02	HDRlambdasample02_UVPSN_DEPTH_LPM.txt	2019-11-21 03:11:24	342.5	2.26	0.0	0.0	0.0	0.0	0.0	492.03539823008856	10.619469026548673	68.14159292035399	0.0	0.0	0.0	0.0	0.0	0.0	0.0	0.0	0.0	0.0	0.0	0.0	0.0	0.0	0.0	0.0	0.0	0.0	0.0	0.0	0.0	0.0																																					
lambdasample02	HDRlambdasample02_UVPSN_DEPTH_LPM.txt	2019-11-21 03:12:27	347.5	2.26	0.0	0.0	0.0	0.0	0.0	490.2654867256638	10.619469026548673	68.14159292035399	0.0	0.0	0.0	0.0	0.0	0.0	0.0	0.0	0.0	0.0	0.0	0.0	0.0	0.0	0.0	0.0	0.0	0.0	0.0	0.0	0.0	0.0																																					
lambdasample02	HDRlambdasample02_UVPSN_DEPTH_LPM.txt	2019-11-21 03:13:30	352.5	2.26	0.0	0.0	0.0	0.0	0.0	488.495575221239	10.619469026548673	68.14159292035399	0.0	0.0	0.0	0.0	0.0	0.0	0.0	0.0	0.0	0.0	0.0	0.0	0.0	0.0	0.0	0.0	0.0	0.0	0.0	0.0	0.0	0.0																																					
lambdasample02	HDRlambdasample02_UVPSN_DEPTH_LPM.txt	2019-11-21 03:14:33	357.5	2.26	0.0	0.0	0.0	0.0	0.0	485.8407079646018	10.619469026548673	67.69911504424779	0.0	0.0	0.0	0.0	0.0	0.0	0.0	0.0	0.0	0.0	0.0	0.0	0.0	0.0	0.0	0.0	0.0	0.0	0.0	0.0	0.0	0.0																																					
lambdasample02	HDRlambdasample02_UVPSN_DEPTH_LPM.txt	2019-11-21 03:15:36	362.5	2.26	0.0	0.0	0.0	0.0	0.0	484.07079646017706	10.619469026548673	67.69911504424779	0.0	0.0	0.0	0.0	0.0	0.0	0.0	0.0	0.0	0.0	0.0	0.0	0.0	0.0	0.0	0.0	0.0	0.0	0.0	0.0	0.0	0.0																																					
lambdasample02	HDRlambdasample02_UVPSN_DEPTH_LPM.txt	2019-11-21 03:16:39	367.5	2.26	0.0	0.0	0.0	0.0	0.0	481.41592920353986	10.619469026548673	67.69911504424779	0.0	0.0	0.0	0.0	0.0	0.0	0.0	0.0	0.0	0.0	0.0	0.0	0.0	0.0	0.0	0.0	0.0	0.0	0.0	0.0	0.0	0.0																																					
lambdasample02	HDRlambdasample02_UVPSN_DEPTH_LPM.txt	2019-11-21 03:17:42	372.5	2.26	0.0	0.0	0.0	0.0	0.0	479.6460176991151	10.619469026548673	67.69911504424779	0.0	0.0	0.0	0.0	0.0	0.0	0.0	0.0	0.0	0.0	0.0	0.0	0.0	0.0	0.0	0.0	0.0	0.0	0.0	0.0	0.0	0.0																																					
lambdasample02	HDRlambdasample02_UVPSN_DEPTH_LPM.txt	2019-11-21 03:18:45	377.5	2.26	0.0	0.0	0.0	0.0	0.0	477.8761061946903	10.619469026548673	67.2566371681416	0.0	0.0	0.0	0.0	0.0	0.0	0.0	0.0	0.0	0.0	0.0	0.0	0.0	0.0	0.0	0.0	0.0	0.0	0.0	0.0	0.0	0.0																																					
lambdasample02	HDRlambdasample02_UVPSN_DEPTH_LPM.txt	2019-11-21 03:19:48	382.5	2.26	0.0	0.0	0.0	0.0	0.0	475.22123893805315	10.619469026548673	67.2566371681416	0.0	0.0	0.0	0.0	0.0	0.0	0.0	0.0	0.0	0.0	0.0	0.0	0.0	0.0	0.0	0.0	0.0	0.0	0.0	0.0	0.0	0.0																																					
lambdasample02	HDRlambdasample02_UVPSN_DEPTH_LPM.txt	2019-11-21 03:20:51	387.5	2.26	0.0	0.0	0.0	0.0	0.0	473.45132743362836	10.619469026548673	66.8141592920354	0.0	0.0	0.0	0.0	0.0	0.0	0.0	0.0	0.0	0.0	0.0	0.0	0.0	0.0	0.0	0.0	0.0	0.0	0.0	0.0	0.0	0.0																																					
lambdasample02	HDRlambdasample02_UVPSN_DEPTH_LPM.txt	2019-11-21 03:21:54	392.5	2.26	0.0	0.0	0.0	0.0	0.0	470.7964601769912	10.619469026548673	66.8141592920354	0.0	0.0	0.0	0.0	0.0	0.0	0.0	0.0	0.0	0.0	0.0	0.0	0.0	0.0	0.0	0.0	0.0	0.0	0.0	0.0	0.0	0.0																																					
lambdasample02	HDRlambdasample02_UVPSN_DEPTH_LPM.txt	2019-11-21 03:22:57	397.5	2.26	0.0	0.0	0.0	0.0	0.0	469.02654867256643	10.619469026548673	66.8141592920354	0.0	0.0	0.0	0.0	0.0	0.0	0.0	0.0	0.0	0.0	0.0	0.0	0.0	0.0	0.0	0.0	0.0	0.0	0.0	0.0	0.0	0.0																																					
lambdasample02	HDRlambdasample02_UVPSN_DEPTH_LPM.txt	2019-11-21 03:24:00	402.5	2.26	0.0	0.0	0.0	0.0	0.0	467.25663716814165	10.619469026548673	66.3716814159292	0.0	0.0	0.0	0.0	0.0	0.0	0.0	0.0	0.0	0.0	0.0	0.0	0.0	0.0	0.0	0.0	0.0	0.0	0.0	0.0	0.0	0.0																																					
lambdasample02	HDRlambdasample02_UVPSN_DEPTH_LPM.txt	2019-11-21 03:25:03	407.5	2.26	0.0	0.0	0.0	0.0	0.0	464.60176991150445	10.619469026548673	66.3716814159292	0.0	0.0	0.0	0.0	0.0	0.0	0.0	0.0	0.0	0.0	0.0	0.0	0.0	0.0	0.0	0.0	0.0	0.0	0.0	0.0	0.0	0.0																																					
lambdasample02	HDRlambdasample02_UVPSN_DEPTH_LPM.txt	2019-11-21 03:26:06	412.5	2.26	0.0	0.0	0.0	0.0	0.0	462.83185840707966	10.619469026548673	66.3716814159292	0.0	0.0	0.0	0.0	0.0	0.0	0.0	0.0	0.0	0.0	0.0	0.0	0.0	0.0	0.0	0.0	0.0	0.0	0.0	0.0	0.0	0.0																																					
lambdasample02	HDRlambdasample02_UVPSN_DEPTH_LPM.txt	2019-11-21 03:27:09	417.5	2.26	0.0	0.0	0.0	0.0	0.0	460.1769911504425	10.619469026548673	66.3716814159292	0.0	0.0	0.0	0.0	0.0	0.0	0.0	0.0	0.0	0.0	0.0	0.0	0.0	0.0	0.0	0.0	0.0	0.0	0.0	0.0	0.0	0.0																																					
lambdasample02	HDRlambdasample02_UVPSN_DEPTH_LPM.txt	2019-11-21 03:28:12	422.5	2.26	0.0	0.0	0.0	0.0	0.0	458.40707964601773	10.619469026548673	66.3716814159292	0.0	0.0	0.0	0.0	0.0	0.0	0.0	0.0	0.0	0.0	0.0	0.0	0.0	0.0	0.0	0.0	0.0	0.0	0.0	0.0	0.0	0.0																																					
lambdasample02	HDRlambdasample02_UVPSN_DEPTH_LPM.txt	2019-11-21 03:29:15	427.5	2.26	0.0	0.0	0.0	0.0	0.0	456.63716814159295	10.619469026548673	65.92920353982302	0.0	0.0	0.0	0.0	0.0	0.0	0.0	0.0	0.0	0.0	0.0	0.0	0.0	0.0	0.0	0.0	0.0	0.0	0.0	0.0	0.0	0.0																																					
lambdasample02	HDRlambdasample02_UVPSN_DEPTH_LPM.txt	2019-11-21 03:30:18	432.5	2.26	0.0	0.0	0.0	0.0	0.0	453.9823008849558	10.619469026548673	65.92920353982302	0.0	0.0	0.0	0.0	0.0	0.0	0.0	0.0	0.0	0.0	0.0	0.0	0.0	0.0	0.0	0.0	0.0	0.0	0.0	0.0	0.0	0.0																																					
lambdasample02	HDRlambdasample02_UVPSN_DEPTH_LPM.txt	2019-11-21 03:31:21	437.5	2.26	0.0	0.0	0.0	0.0	0.0	452.212389380531	10.619469026548673	65.48672566371683	0.0	0.0	0.0	0.0	0.0	0.0	0.0	0.0	0.0	0.0	0.0	0.0	0.0	0.0	0.0	0.0	0.0	0.0	0.0	0.0	0.0	0.0																																					
lambdasample02	HDRlambdasample02_UVPSN_DEPTH_LPM.txt	2019-11-21 03:32:24	442.5	2.26	0.0	0.0	0.0	0.0	0.0	449.5575221238939	10.619469026548673	65.48672566371683	0.0	0.0	0.0	0.0	0.0	0.0	0.0	0.0	0.0	0.0	0.0	0.0	0.0	0.0	0.0	0.0	0.0	0.0	0.0	0.0	0.0	0.0																																					
lambdasample02	HDRlambdasample02_UVPSN_DEPTH_LPM.txt	2019-11-21 03:33:27	447.5	2.26	0.0	0.0	0.0	0.0	0.0	447.7876106194691	10.619469026548673	65.48672566371683	0.0	0.0	0.0	0.0	0.0	0.0	0.0	0.0	0.0	0.0	0.0	0.0	0.0	0.0	0.0	0.0	0.0	0.0	0.0	0.0	0.0	0.0																																					
lambdasample02	HDRlambdasample02_UVPSN_DEPTH_LPM.txt	2019-11-21 03:34:30	452.5	2.26	0.0	0.0	0.0	0.0	0.0	446.0176991150443	10.619469026548673	65.48672566371683	0.0	0.0	0.0	0.0	0.0	0.0	0.0	0.0	0.0	0.0	0.0	0.0	0.0	0.0	0.0	0.0	0.0	0.0	0.0	0.0	0.0	0.0																																					
lambdasample02	HDRlambdasample02_UVPSN_DEPTH_LPM.txt	2019-11-21 03:35:33	457.5	2.26	0.0	0.0	0.0	0.0	0.0	443.3628318584071	10.619469026548673	65.04424778761063	0.0	0.0	0.0	0.0	0.0	0.0	0.0	0.0	0.0	0.0	0.0	0.0	0.0	0.0	0.0	0.0	0.0	0.0	0.0	0.0	0.0	0.0																																					
lambdasample02	HDRlambdasample02_UVPSN_DEPTH_LPM.txt	2019-11-21 03:36:36	462.5	2.26	0.0	0.0	0.0	0.0	0.0	441.5929203539823	10.619469026548673	65.04424778761063	0.0	0.0	0.0	0.0	0.0	0.0	0.0	0.0	0.0	0.0	0.0	0.0	0.0	0.0	0.0	0.0	0.0	0.0	0.0	0.0	0.0	0.0																																					
lambdasample02	HDRlambdasample02_UVPSN_DEPTH_LPM.txt	2019-11-21 03:37:39	467.5	2.26	0.0	0.0	0.0	0.0	0.0	438.9380530973452	10.619469026548673	65.04424778761063	0.0	0.0	0.0	0.0	0.0	0.0	0.0	0.0	0.0	0.0	0.0	0.0	0.0	0.0	0.0	0.0	0.0	0.0	0.0	0.0	0.0	0.0																																					
lambdasample02	HDRlambdasample02_UVPSN_DEPTH_LPM.txt	2019-11-21 03:38:42	472.5	2.26	0.0	0.0	0.0	0.0	0.0	437.1681415929204	10.619469026548673	65.04424778761063	0.0	0.0	0.0	0.0	0.0	0.0	0.0	0.0	0.0	0.0	0.0	0.0	0.0	0.0	0.0	0.0	0.0	0.0	0.0	0.0	0.0	0.0																																					
lambdasample02	HDRlambdasample02_UVPSN_DEPTH_LPM.txt	2019-11-21 03:39:45	477.5	2.26	0.0	0.0	0.0	0.0	0.0	435.3982300884956	10.619469026548673	64.60176991150443	0.0	0.0	0.0	0.0	0.0	0.0	0.0	0.0	0.0	0.0	0.0	0.0	0.0	0.0	0.0	0.0	0.0	0.0	0.0	0.0	0.0	0.0																																					
lambdasample02	HDRlambdasample02_UVPSN_DEPTH_LPM.txt	2019-11-21 03:40:48	482.5	2.26	0.0	0.0	0.0	0.0	0.0	432.74336283185846	10.619469026548673	64.60176991150443	0.0	0.0	0.0	0.0	0.0	0.0	0.0	0.0	0.0	0.0	0.0	0.0	0.0	0.0	0.0	0.0	0.0	0.0	0.0	0.0	0.0	0.0																																					
lambdasample02	HDRlambdasample02_UVPSN_DEPTH_LPM.txt	2019-11-21 03:41:51	487.5	2.26	0.0	0.0	0.0	0.0	0.0	430.9734513274337	10.619469026548673	64.15929203539824	0.0	0.0	0.0	0.0	0.0	0.0	0.0	0.0	0.0	0.0	0.0	0.0	0.0	0.0	0.0	0.0	0.0	0.0	0.0	0.0	0.0	0.0																																					
lambdasample02	HDRlambdasample02_UVPSN_DEPTH_LPM.txt	2019-11-21 03:42:54	492.5	2.26	0.0	0.0	0.0	0.0	0.0	428.3185840707965	10.619469026548673	64.15929203539824	0.0	0.0	0.0	0.0	0.0	0.0	0.0	0.0	0.0	0.0	0.0	0.0	0.0	0.0	0.0	0.0	0.0	0.0	0.0	0.0	0.0	0.0																																					
lambdasample02	HDRlambdasample02_UVPSN_DEPTH_LPM.txt	2019-11-21 03:43:57	497.5	2.26	0.0	0.0	0.0	0.0	0.0	426.54867256637175	10.619469026548673	64.15929203539824	0.0	0.0	0.0	0.0	0.0	0.0	0.0	0.0	0.0	0.0	0.0	0.0	0.0	0.0	0.0	0.0	0.0	0.0	0.0	0.0	0.0	0.0																																					
lambdasample02	HDRlambdasample02_UVPSN_DEPTH_LPM.txt	2019-11-21 03:45:00	502.5	2.26	0.0	0.0	0.0	0.0	0.0	424.77876106194697	10.619469026548673	64.15929203539824	0.0	0.0	0.0	0.0	0.0	0.0	0.0	0.0	0.0	0.0	0.0	0.0	0.0	0.0	0.0	0.0	0.0	0.0	0.0	0.0	0.0	0.0																																					
lambdasample02	HDRlambdasample02_UVPSN_DEPTH_LPM.txt	2019-11-21 03:46:03	507.5	2.26	0.0	0.0	0.0	0.0	0.0	422.12389380530976	10.619469026548673	64.15929203539824	0.0	0.0	0.0	0.0	0.0	0.0	0.0	0.0	0.0	0.0	0.0	0.0	0.0	0.0	0.0	0.0	0.0	0.0	0.0	0.0	0.0	0.0																																					
lambdasample02	HDRlambdasample02_UVPSN_DEPTH_LPM.txt	2019-11-21 03:47:06	512.5	2.26	0.0	0.0	0.0	0.0	0.0	420.353982300885	10.619469026548673	64.15929203539824	0.0	0.0	0.0	0.0	0.0	0.0	0.0	0.0	0.0	0.0	0.0	0.0	0.0	0.0	0.0	0.0	0.0	0.0	0.0	0.0	0.0	0.0																																					
lambdasample02	HDRlambdasample02_UVPSN_DEPTH_LPM.txt	2019-11-21 03:48:09	517.5	2.26	0.0	0.0	0.0	0.0	0.0	417.69911504424783	10.619469026548673	64.15929203539824	0.0	0.0	0.0	0.0	0.0	0.0	0.0	0.0	0.0	0.0	0.0	0.0	0.0	0.0	0.0	0.0	0.0	0.0	0.0	0.0	0.0	0.0																																					
lambdasample02	HDRlambdasample02_UVPSN_DEPTH_LPM.txt	2019-11-21 03:49:12	522.5	2.26	0.0	0.0	0.0	0.0	0.0	415.92920353982305	10.619469026548673	63.274336283185846	0.0	0.0	0.0	0.0	0.0	0.0	0.0	0.0	0.0	0.0	0.0	0.0	0.0	0.0	0.0	0.0	0.0	0.0	0.0	0.0	0.0	0.0																																					
lambdasample02	HDRlambdasample02_UVPSN_DEPTH_LPM.txt	2019-11-21 03:50:15	527.5	2.26	0.0	0.0	0.0	0.0	0.0	414.15929203539827	10.619469026548673	63.274336283185846	0.0	0.0	0.0	0.0	0.0	0.0	0.0	0.0	0.0	0.0	0.0	0.0	0.0	0.0	0.0	0.0	0.0	0.0	0.0	0.0	0.0	0.0																																					
lambdasample02	HDRlambdasample02_UVPSN_DEPTH_LPM.txt	2019-11-21 03:51:18	532.5	2.26	0.0	0.0	0.0	0.0	0.0	411.5044247787611	10.619469026548673	63.274336283185846	0.0	0.0	0.0	0.0	0.0	0.0	0.0	0.0	0.0	0.0	0.0	0.0	0.0	0.0	0.0	0.0	0.0	0.0	0.0	0.0	0.0	0.0																																					
lambdasample02	HDRlambdasample02_UVPSN_DEPTH_LPM.txt	2019-11-21 03:52:21	537.5	2.26	0.0	0.0	0.0	0.0	0.0	409.73451327433634	10.619469026548673	63.274336283185846	0.0	0.0	0.0	0.0	0.0	0.0	0.0	0.0	0.0	0.0	0.0	0.0	0.0	0.0	0.0	0.0	0.0	0.0	0.0	0.0	0.0	0.0																																					
lambdasample02	HDRlambdasample02_UVPSN_DEPTH_LPM.txt	2019-11-21 03:53:24	542.5	2.26	0.0	0.0	0.0	0.0	0.0	407.07964601769913	10.619469026548673	63.274336283185846	0.0	0.0	0.0	0.0	0.0	0.0	0.0	0.0	0.0	0.0	0.0	0.0	0.0	0.0	0.0	0.0	0.0	0.0	0.0	0.0	0.0	0.0																																					
lambdasample02	HDRlambdasample02_UVPSN_DEPTH_LPM.txt	2019-11-21 03:54:27	547.5	2.26	0.0	0.0	0.0	0.0	0.0	405.30973451327435	10.619469026548673	63.274336283185846	0.0	0.0	0.0	0.0	0.0	0.0	0.0	0.0	0.0	0.0	0.0	0.0	0.0	0.0	0.0	0.0	0.0	0.0	0.0	0.0	0.0	0.0																																					
lambdasample02	HDRlambdasample02_UVPSN_DEPTH_LPM.txt	2019-11-21 03:55:30	552.5	2.26	0.0	0.0	0.0	0.0	0.0	403.5398230088496	10.619469026548673	63.274336283185846	0.0	0.0	0.0	0.0	0.0	0.0	0.0	0.0	0.0	0.0	0.0	0.0	0.0	0.0	0.0	0.0	0.0	0.0	0.0	0.0	0.0	0.0																																					
lambdasample02	HDRlambdasample02_UVPSN_DEPTH_LPM.txt	2019-11-21 03:56:33	557.5	2.26	0.0	0.0	0.0	0.0	0.0	400.8849557522124	10.619469026548673	63.274336283185846	0.0	0.0	0.0	0.0	0.0	0.0	0.0	0.0	0.0	0.0	0.0	0.0	0.0	0.0	0.0	0.0	0.0	0.0	0.0	0.0	0.0	0.0																																					
lambdasample02	HDRlambdasample02_UVPSN_DEPTH_LPM.txt	2019-11-21 03:57:36	562.5	2.26	0.0	0.0	0.0	0.0	0.0	399.11504424778764	10.619469026548673	62.389380530973455	0.0	0.0	0.0	0.0	0.0	0.0	0.0	0.0	0.0	0.0	0.0	0.0	0.0	0.0	0.0	0.0	0.0	0.0	0.0	0.0	0.0	0.0																																					
lambdasample02	HDRlambdasample02_UVPSN_DEPTH_LPM.txt	2019-11-21 03:58:39	567.5	2.26	0.0	0.0	0.0	0.0	0.0	396.4601769911505	10.619469026548673	62.389380530973455	0.0	0.0	0.0	0.0	0.0	0.0	0.0	0.0	0.0	0.0	0.0	0.0	0.0	0.0	0.0	0.0	0.0	0.0	0.0	0.0	0.0	0.0																																					
lambdasample02	HDRlambdasample02_UVPSN_DEPTH_LPM.txt	2019-11-21 03:59:42	572.5	2.26	0.0	0.0	0.0	0.0	0.0	394.6902654867257	10.619469026548673	62.389380530973455	0.0	0.0	0.0	0.0	0.0	0.0	0.0	0.0	0.0	0.0	0.0	0.0	0.0	0.0	0.0	0.0	0.0	0.0	0.0	0.0	0.0	0.0																																					
lambdasample02	HDRlambdasample02_UVPSN_DEPTH_LPM.txt	2019-11-21 04:00:45	577.5	2.26	0.0	0.0	0.0	0.0	0.0	392.9203539823009	10.619469026548673	62.389380530973455	0.0	0.0	0.0	0.0	0.0	0.0	0.0	0.0	0.0	0.0	0.0	0.0	0.0	0.0	0.0	0.0	0.0	0.0	0.0	0.0	0.0	0.0																																					
lambdasample02	HDRlambdasample02_UVPSN_DEPTH_LPM.txt	2019-11-21 04:01:48	582.5	2.26	0.0	0.0	0.0	0.0	0.0	390.2654867256638	10.619469026548673	62.389380530973455	0.0	0.0	0.0	0.0	0.0	0.0	0.0	0.0	0.0	0.0	0.0	0.0	0.0	0.0	0.0	0.0	0.0	0.0	0.0	0.0	0.0	0.0																																					
lambdasample02	HDRlambdasample02_UVPSN_DEPTH_LPM.txt	2019-11-21 04:02:51	587.5	2.26	0.0	0.0	0.0	0.0	0.0	388.495575221239	10.619469026548673	62.389380530973455	0.0	0.0	0.0	0.0	0.0	0.0	0.0	0.0	0.0	0.0	0.0	0.0	0.0	0.0	0.0	0.0	0.0	0.0	0.0	0.0	0.0	0.0																																					
lambdasample02	HDRlambdasample02_UVPSN_DEPTH_LPM.txt	2019-11-21 04:03:54	592.5	2.26	0.0	0.0	0.0	0.0	0.0	385.8407079646018	10.619469026548673	62.389380530973455	0.0	0.0	0.0	0.0	0.0	0.0	0.0	0.0	0.0	0.0	0.0	0.0	0.0	0.0	0.0	0.0	0.0	0.0	0.0	0.0	0.0	0.0																																					
lambdasample02	HDRlambdasample02_UVPSN_DEPTH_LPM.txt	2019-11-21 04:04:57	597.5	2.26	0.0	0.0	0.0	0.0	0.0	384.070796460177	10.619469026548673	62.389380530973455	0.0	0.0	0.0	0.0	0.0	0.0	0.0	0.0	0.0	0.0	0.0	0.0	0.0	0.0	0.0	0.0	0.0	0.0	0.0	0.0	0.0	0.0																																					
lambdasample02	HDRlambdasample02_UVPSN_DEPTH_LPM.txt	2019-11-21 04:06:00	602.5	2.26	0.0	0.0	0.0	0.0	0.0	382.3008849557522	10.619469026548673	61.946902654867266	0.0	0.0	0.0	0.0	0.0	0.0	0.0	0.0	0.0	0.0	0.0	0.0	0.0	0.0	0.0	0.0	0.0	0.0	0.0	0.0	0.0	0.0																																					
lambdasample02	HDRlambdasample02_UVPSN_DEPTH_LPM.txt	2019-11-21 04:07:03	607.5	2.26	0.0	0.0	0.0	0.0	0.0	379.6460176991151	10.619469026548673	61.50442477876107	0.0	0.0	0.0	0.0	0.0	0.0	0.0	0.0	0.0	0.0	0.0	0.0	0.0	0.0	0.0	0.0	0.0	0.0	0.0	0.0	0.0	0.0																																					
lambdasample02	HDRlambdasample02_UVPSN_DEPTH_LPM.txt	2019-11-21 04:08:06	612.5	2.26	0.0	0.0	0.0	0.0	0.0	377.8761061946903	10.619469026548673	61.50442477876107	0.0	0.0	0.0	0.0	0.0	0.0	0.0	0.0	0.0	0.0	0.0	0.0	0.0	0.0	0.0	0.0	0.0	0.0	0.0	0.0	0.0	0.0																																					
lambdasample02	HDRlambdasample02_UVPSN_DEPTH_LPM.txt	2019-11-21 04:09:09	617.5	2.26	0.0	0.0	0.0	0.0	0.0	375.22123893805315	10.619469026548673	61.50442477876107	0.0	0.0	0.0	0.0	0.0	0.0	0.0	0.0	0.0	0.0	0.0	0.0	0.0	0.0	0.0	0.0	0.0	0.0	0.0	0.0	0.0	0.0																																					
lambdasample02	HDRlambdasample02_UVPSN_DEPTH_LPM.txt	2019-11-21 04:10:12	622.5	2.26	0.0	0.0	0.0	0.0	0.0	373.45132743362836	10.619469026548673	61.50442477876107	0.0	0.0	0.0	0.0	0.0	0.0	0.0	0.0	0.0	0.0	0.0	0.0	0.0	0.0	0.0	0.0	0.0	0.0	0.0	0.0	0.0	0.0																																					
lambdasample02	HDRlambdasample02_UVPSN_DEPTH_LPM.txt	2019-11-21 04:11:15	627.5	2.26	0.0	0.0	0.0	0.0	0.0	371.6814159292036	10.619469026548673	61.50442477876107	0.0	0.0	0.0	0.0	0.0	0.0	0.0	0.0	0.0	0.0	0.0	0.0	0.0	0.0	0.0	0.0	0.0	0.0	0.0	0.0	0.0	0.0																																					
lambdasample02	HDRlambdasample02_UVPSN_DEPTH_LPM.txt	2019-11-21 04:12:18	632.5	2.26	0.0	0.0	0.0	0.0	0.0	369.02654867256643	10.619469026548673	61.50442477876107	0.0	0.0	0.0	0.0	0.0	0.0	0.0	0.0	0.0	0.0	0.0	0.0	0.0	0.0	0.0	0.0	0.0	0.0	0.0	0.0	0.0	0.0																																					
lambdasample02	HDRlambdasample02_UVPSN_DEPTH_LPM.txt	2019-11-21 04:13:21	637.5	2.26	0.0	0.0	0.0	0.0	0.0	367.25663716814165	10.619469026548673	61.061946902654874	0.0	0.0	0.0	0.0	0.0	0.0	0.0	0.0	0.0	0.0	0.0	0.0	0.0	0.0	0.0	0.0	0.0	0.0	0.0	0.0	0.0	0.0																																					
lambdasample02	HDRlambdasample02_UVPSN_DEPTH_LPM.txt	2019-11-21 04:14:24	642.5	2.26	0.0	0.0	0.0	0.0	0.0	364.60176991150445	10.619469026548673	61.061946902654874	0.0	0.0	0.0	0.0	0.0	0.0	0.0	0.0	0.0	0.0	0.0	0.0	0.0	0.0	0.0	0.0	0.0	0.0	0.0	0.0	0.0	0.0																																					
lambdasample02	HDRlambdasample02_UVPSN_DEPTH_LPM.txt	2019-11-21 04:15:27	647.5	2.26	0.0	0.0	0.0	0.0	0.0	362.83185840707966	10.619469026548673	61.061946902654874	0.0	0.0	0.0	0.0	0.0	0.0	0.0	0.0	0.0	0.0	0.0	0.0	0.0	0.0	0.0	0.0	0.0	0.0	0.0	0.0	0.0	0.0																																					
lambdasample02	HDRlambdasample02_UVPSN_DEPTH_LPM.txt	2019-11-21 04:16:30	652.5	2.26	0.0	0.0	0.0	0.0	0.0	361.0619469026549	10.619469026548673	61.061946902654874	0.0	0.0	0.0	0.0	0.0	0.0	0.0	0.0	0.0	0.0	0.0	0.0	0.0	0.0	0.0	0.0	0.0	0.0	0.0	0.0	0.0	0.0																																					
lambdasample02	HDRlambdasample02_UVPSN_DEPTH_LPM.txt	2019-11-21 04:17:33	657.5	2.26	0.0	0.0	0.0	0.0	0.0	358.40707964601773	10.619469026548673	60.61946902654868	0.0	0.0	0.0	0.0	0.0	0.0	0.0	0.0	0.0	0.0	0.0	0.0	0.0	0.0	0.0	0.0	0.0	0.0	0.0	0.0	0.0	0.0																																					
lambdasample02	HDRlambdasample02_UVPSN_DEPTH_LPM.txt	2019-11-21 04:18:36	662.5	2.26	0.0	0.0	0.0	0.0	0.0	356.63716814159295	10.619469026548673	60.61946902654868	0.0	0.0	0.0	0.0	0.0	0.0	0.0	0.0	0.0	0.0	0.0	0.0	0.0	0.0	0.0	0.0	0.0	0.0	0.0	0.0	0.0	0.0																																					
lambdasample02	HDRlambdasample02_UVPSN_DEPTH_LPM.txt	2019-11-21 04:19:39	667.5	2.26	0.0	0.0	0.0	0.0	0.0	353.9823008849558	10.619469026548673	60.61946902654868	0.0	0.0	0.0	0.0	0.0	0.0	0.0	0.0	0.0	0.0	0.0	0.0	0.0	0.0	0.0	0.0	0.0	0.0	0.0	0.0	0.0	0.0																																					
lambdasample02	HDRlambdasample02_UVPSN_DEPTH_LPM.txt	2019-11-21 04:20:42	672.5	2.26	0.0	0.0	0.0	0.0	0.0	352.212389380531	10.619469026548673	60.17699115044248	0.0	0.0	0.0	0.0	0.0	0.0	0.0	0.0	0.0	0.0	0.0	0.0	0.0	0.0	0.0	0.0	0.0	0.0	0.0	0.0	0.0	0.0																																					
lambdasample02	HDRlambdasample02_UVPSN_DEPTH_LPM.txt	2019-11-21 04:21:45	677.5	2.26	0.0	0.0	0.0	0.0	0.0	350.44247787610624	10.619469026548673	60.17699115044248	0.0	0.0	0.0	0.0	0.0	0.0	0.0	0.0	0.0	0.0	0.0	0.0	0.0	0.0	0.0	0.0	0.0	0.0	0.0	0.0	0.0	0.0																																					
lambdasample02	HDRlambdasample02_UVPSN_DEPTH_LPM.txt	2019-11-21 04:22:48	682.5	2.26	0.0	0.0	0.0	0.0	0.0	347.78761061946904	10.619469026548673	60.17699115044248	0.0	0.0	0.0	0.0	0.0	0.0	0.0	0.0	0.0	0.0	0.0	0.0	0.0	0.0	0.0	0.0	0.0	0.0	0.0	0.0	0.0	0.0																																					
lambdasample02	HDRlambdasample02_UVPSN_DEPTH_LPM.txt	2019-11-21 04:23:51	687.5	2.26	0.0	0.0	0.0	0.0	0.0	346.0176991150443	10.619469026548673	60.17699115044248	0.0	0.0	0.0	0.0	0.0	0.0	0.0	0.0	0.0	0.0	0.0	0.0	0.0	0.0	0.0	0.0	0.0	0.0	0.0	0.0	0.0	0.0																																					
lambdasample02	HDRlambdasample02_UVPSN_DEPTH_LPM.txt	2019-11-21 04:24:54	692.5	2.26	0.0	0.0	0.0	0.0	0.0	343.3628318584071	10.619469026548673	60.17699115044248	0.0	0.0	0.0	0.0	0.0	0.0	0.0	0.0	0.0	0.0	0.0	0.0	0.0	0.0	0.0	0.0	0.0	0.0	0.0	0.0	0.0	0.0																																					
lambdasample02	HDRlambdasample02_UVPSN_DEPTH_LPM.txt	2019-11-21 04:25:57	697.5	2.26	0.0	0.0	0.0	0.0	0.0	341.5929203539823	10.619469026548673	60.17699115044248	0.0	0.0	0.0	0.0	0.0	0.0	0.0	0.0	0.0	0.0	0.0	0.0	0.0	0.0	0.0	0.0	0.0	0.0	0.0	0.0	0.0	0.0																																					
lambdasample02	HDRlambdasample02_UVPSN_DEPTH_LPM.txt	2019-11-21 04:27:00	702.5	2.26	0.0	0.0	0.0	0.0	0.0	339.82300884955754	10.619469026548673	60.17699115044248	0.0	0.0	0.0	0.0	0.0	0.0	0.0	0.0	0.0	0.0	0.0	0.0	0.0	0.0	0.0	0.0	0.0	0.0	0.0	0.0	0.0	0.0																																					
lambdasample02	HDRlambdasample02_UVPSN_DEPTH_LPM.txt	2019-11-21 04:28:03	707.5	2.26	0.0	0.0	0.0	0.0	0.0	337.1681415929204	10.619469026548673	59.73451327433629	0.0	0.0	0.0	0.0	0.0	0.0	0.0	0.0	0.0	0.0	0.0	0.0	0.0	0.0	0.0	0.0	0.0	0.0	0.0	0.0	0.0	0.0																																					
lambdasample02	HDRlambdasample02_UVPSN_DEPTH_LPM.txt	2019-11-21 04:29:06	712.5	2.26	0.0	0.0	0.0	0.0	0.0	335.3982300884956	10.619469026548673	59.29203539823009	0.0	0.0	0.0	0.0	0.0	0.0	0.0	0.0	0.0	0.0	0.0	0.0	0.0	0.0	0.0	0.0	0.0	0.0	0.0	0.0	0.0	0.0																																					
lambdasample02	HDRlambdasample02_UVPSN_DEPTH_LPM.txt	2019-11-21 04:30:09	717.5	2.26	0.0	0.0	0.0	0.0	0.0	332.74336283185846	10.619469026548673	59.29203539823009	0.0	0.0	0.0	0.0	0.0	0.0	0.0	0.0	0.0	0.0	0.0	0.0	0.0	0.0	0.0	0.0	0.0	0.0	0.0	0.0	0.0	0.0																																					
lambdasample02	HDRlambdasample02_UVPSN_DEPTH_LPM.txt	2019-11-21 04:31:12	722.5	2.26	0.0	0.0	0.0	0.0	0.0	330.9734513274337	10.619469026548673	59.29203539823009	0.0	0.0	0.0	0.0	0.0	0.0	0.0	0.0	0.0	0.0	0.0	0.0	0.0	0.0	0.0	0.0	0.0	0.0	0.0	0.0	0.0	0.0																																					
lambdasample02	HDRlambdasample02_UVPSN_DEPTH_LPM.txt	2019-11-21 04:32:15	727.5	2.26	0.0	0.0	0.0	0.0	0.0	329.2035398230089	10.619469026548673	59.29203539823009	0.0	0.0	0.0	0.0	0.0	0.0	0.0	0.0	0.0	0.0	0.0	0.0	0.0	0.0	0.0	0.0	0.0	0.0	0.0	0.0	0.0	0.0																																					
lambdasample02	HDRlambdasample02_UVPSN_DEPTH_LPM.txt	2019-11-21 04:33:18	732.5	2.26	0.0	0.0	0.0	0.0	0.0	326.5486725663717	10.619469026548673	59.29203539823009	0.0	0.0	0.0	0.0	0.0	0.0	0.0	0.0	0.0	0.0	0.0	0.0	0.0	0.0	0.0	0.0	0.0	0.0	0.0	0.0	0.0	0.0																																					
lambdasample02	HDRlambdasample02_UVPSN_DEPTH_LPM.txt	2019-11-21 04:34:21	737.5	2.26	0.0	0.0	0.0	0.0	0.0	324.7787610619469	10.619469026548673	59.29203539823009	0.0	0.0	0.0	0.0	0.0	0.0	0.0	0.0	0.0	0.0	0.0	0.0	0.0	0.0	0.0	0.0	0.0	0.0	0.0	0.0	0.0	0.0																																					
lambdasample02	HDRlambdasample02_UVPSN_DEPTH_LPM.txt	2019-11-21 04:35:24	742.5	2.26	0.0	0.0	0.0	0.0	0.0	322.12389380530976	10.619469026548673	58.8495575221239	0.0	0.0	0.0	0.0	0.0	0.0	0.0	0.0	0.0	0.0	0.0	0.0	0.0	0.0	0.0	0.0	0.0	0.0	0.0	0.0	0.0	0.0																																					
lambdasample02	HDRlambdasample02_UVPSN_DEPTH_LPM.txt	2019-11-21 04:36:27	747.5	2.26	0.0	0.0	0.0	0.0	0.0	320.353982300885	10.619469026548673	58.8495575221239	0.0	0.0	0.0	0.0	0.0	0.0	0.0	0.0	0.0	0.0	0.0	0.0	0.0	0.0	0.0	0.0	0.0	0.0	0.0	0.0	0.0	0.0																																					
lambdasample02	HDRlambdasample02_UVPSN_DEPTH_LPM.txt	2019-11-21 04:37:30	752.5	2.26	0.0	0.0	0.0	0.0	0.0	318.5840707964602	10.619469026548673	58.8495575221239	0.0	0.0	0.0	0.0	0.0	0.0	0.0	0.0	0.0	0.0	0.0	0.0	0.0	0.0	0.0	0.0	0.0	0.0	0.0	0.0	0.0	0.0																																					
lambdasample02	HDRlambdasample02_UVPSN_DEPTH_LPM.txt	2019-11-21 04:38:33	757.5	2.26	0.0	0.0	0.0	0.0	0.0	315.92920353982305	10.619469026548673	58.8495575221239	0.0	0.0	0.0	0.0	0.0	0.0	0.0	0.0	0.0	0.0	0.0	0.0	0.0	0.0	0.0	0.0	0.0	0.0	0.0	0.0	0.0	0.0																																					
lambdasample02	HDRlambdasample02_UVPSN_DEPTH_LPM.txt	2019-11-21 04:39:36	762.5	2.26	0.0	0.0	0.0	0.0	0.0	314.15929203539827	10.619469026548673	58.8495575221239	0.0	0.0	0.0	0.0	0.0	0.0	0.0	0.0	0.0	0.0	0.0	0.0	0.0	0.0	0.0	0.0	0.0	0.0	0.0	0.0	0.0	0.0																																					
lambdasample02	HDRlambdasample02_UVPSN_DEPTH_LPM.txt	2019-11-21 04:40:39	767.5	2.26	0.0	0.0	0.0	0.0	0.0	311.50442477876106	10.619469026548673	58.8495575221239	0.0	0.0	0.0	0.0	0.0	0.0	0.0	0.0	0.0	0.0	0.0	0.0	0.0	0.0	0.0	0.0	0.0	0.0	0.0	0.0	0.0	0.0																																					
lambdasample02	HDRlambdasample02_UVPSN_DEPTH_LPM.txt	2019-11-21 04:41:42	772.5	2.26	0.0	0.0	0.0	0.0	0.0	309.73451327433634	10.619469026548673	58.407079646017706	0.0	0.0	0.0	0.0	0.0	0.0	0.0	0.0	0.0	0.0	0.0	0.0	0.0	0.0	0.0	0.0	0.0	0.0	0.0	0.0	0.0	0.0																																					
lambdasample02	HDRlambdasample02_UVPSN_DEPTH_LPM.txt	2019-11-21 04:42:45	777.5	2.26	0.0	0.0	0.0	0.0	0.0	307.96460176991155	10.619469026548673	57.96460176991151	0.0	0.0	0.0	0.0	0.0	0.0	0.0	0.0	0.0	0.0	0.0	0.0	0.0	0.0	0.0	0.0	0.0	0.0	0.0	0.0	0.0	0.0																																					
lambdasample02	HDRlambdasample02_UVPSN_DEPTH_LPM.txt	2019-11-21 04:43:48	782.5	2.26	0.0	0.0	0.0	0.0	0.0	305.30973451327435	10.619469026548673	57.96460176991151	0.0	0.0	0.0	0.0	0.0	0.0	0.0	0.0	0.0	0.0	0.0	0.0	0.0	0.0	0.0	0.0	0.0	0.0	0.0	0.0	0.0	0.0																																					
lambdasample02	HDRlambdasample02_UVPSN_DEPTH_LPM.txt	2019-11-21 04:44:51	787.5	2.26	0.0	0.0	0.0	0.0	0.0	303.53982300884957	10.619469026548673	57.96460176991151	0.0	0.0	0.0	0.0	0.0	0.0	0.0	0.0	0.0	0.0	0.0	0.0	0.0	0.0	0.0	0.0	0.0	0.0	0.0	0.0	0.0	0.0																																					
lambdasample02	HDRlambdasample02_UVPSN_DEPTH_LPM.txt	2019-11-21 04:45:54	792.5	2.26	0.0	0.0	0.0	0.0	0.0	300.8849557522124	10.619469026548673	57.96460176991151	0.0	0.0	0.0	0.0	0.0	0.0	0.0	0.0	0.0	0.0	0.0	0.0	0.0	0.0	0.0	0.0	0.0	0.0	0.0	0.0	0.0	0.0																																					
lambdasample02	HDRlambdasample02_UVPSN_DEPTH_LPM.txt	2019-11-21 04:46:57	797.5	2.26	0.0	0.0	0.0	0.0	0.0	299.11504424778764	10.619469026548673	57.96460176991151	0.0	0.0	0.0	0.0	0.0	0.0	0.0	0.0	0.0	0.0	0.0	0.0	0.0	0.0	0.0	0.0	0.0	0.0	0.0	0.0	0.0	0.0																																					
lambdasample02	HDRlambdasample02_UVPSN_DEPTH_LPM.txt	2019-11-21 04:48:00	802.5	2.26	0.0	0.0	0.0	0.0	0.0	297.34513274336285	10.619469026548673	57.522123893805315	0.0	0.0	0.0	0.0	0.0	0.0	0.0	0.0	0.0	0.0	0.0	0.0	0.0	0.0	0.0	0.0	0.0	0.0	0.0	0.0	0.0	0.0																																					
lambdasample02	HDRlambdasample02_UVPSN_DEPTH_LPM.txt	2019-11-21 04:49:03	807.5	2.26	0.0	0.0	0.0	0.0	0.0	294.6902654867257	10.619469026548673	57.522123893805315	0.0	0.0	0.0	0.0	0.0	0.0	0.0	0.0	0.0	0.0	0.0	0.0	0.0	0.0	0.0	0.0	0.0	0.0	0.0	0.0	0.0	0.0																																					
lambdasample02	HDRlambdasample02_UVPSN_DEPTH_LPM.txt	2019-11-21 04:50:06	812.5	2.26	0.0	0.0	0.0	0.0	0.0	292.9203539823009	10.619469026548673	57.522123893805315	0.0	0.0	0.0	0.0	0.0	0.0	0.0	0.0	0.0	0.0	0.0	0.0	0.0	0.0	0.0	0.0	0.0	0.0	0.0	0.0	0.0	0.0																																					
lambdasample02	HDRlambdasample02_UVPSN_DEPTH_LPM.txt	2019-11-21 04:51:09	817.5	2.26	0.0	0.0	0.0	0.0	0.0	290.2654867256637	10.619469026548673	57.522123893805315	0.0	0.0	0.0	0.0	0.0	0.0	0.0	0.0	0.0	0.0	0.0	0.0	0.0	0.0	0.0	0.0	0.0	0.0	0.0	0.0	0.0	0.0																																					
lambdasample02	HDRlambdasample02_UVPSN_DEPTH_LPM.txt	2019-11-21 04:52:12	822.5	2.26	0.0	0.0	0.0	0.0	0.0	288.49557522123894	10.619469026548673	57.522123893805315	0.0	0.0	0.0	0.0	0.0	0.0	0.0	0.0	0.0	0.0	0.0	0.0	0.0	0.0	0.0	0.0	0.0	0.0	0.0	0.0	0.0	0.0																																					
lambdasample02	HDRlambdasample02_UVPSN_DEPTH_LPM.txt	2019-11-21 04:53:15	827.5	2.26	0.0	0.0	0.0	0.0	0.0	286.7256637168142	10.619469026548673	57.522123893805315	0.0	0.0	0.0	0.0	0.0	0.0	0.0	0.0	0.0	0.0	0.0	0.0	0.0	0.0	0.0	0.0	0.0	0.0	0.0	0.0	0.0	0.0																																					
lambdasample02	HDRlambdasample02_UVPSN_DEPTH_LPM.txt	2019-11-21 04:54:18	832.5	2.26	0.0	0.0	0.0	0.0	0.0	284.070796460177	10.619469026548673	57.07964601769912	0.0	0.0	0.0	0.0	0.0	0.0	0.0	0.0	0.0	0.0	0.0	0.0	0.0	0.0	0.0	0.0	0.0	0.0	0.0	0.0	0.0	0.0																																					
lambdasample02	HDRlambdasample02_UVPSN_DEPTH_LPM.txt	2019-11-21 04:55:21	837.5	2.26	0.0	0.0	0.0	0.0	0.0	282.3008849557522	10.619469026548673	57.07964601769912	0.0	0.0	0.0	0.0	0.0	0.0	0.0	0.0	0.0	0.0	0.0	0.0	0.0	0.0	0.0	0.0	0.0	0.0	0.0	0.0	0.0	0.0																																					
lambdasample02	HDRlambdasample02_UVPSN_DEPTH_LPM.txt	2019-11-21 04:56:24	842.5	2.26	0.0	0.0	0.0	0.0	0.0	279.6460176991151	10.619469026548673	57.07964601769912	0.0	0.0	0.0	0.0	0.0	0.0	0.0	0.0	0.0	0.0	0.0	0.0	0.0	0.0	0.0	0.0	0.0	0.0	0.0	0.0	0.0	0.0																																					
lambdasample02	HDRlambdasample02_UVPSN_DEPTH_LPM.txt	2019-11-21 04:57:27	847.5	2.26	0.0	0.0	0.0	0.0	0.0	277.8761061946903	10.619469026548673	57.07964601769912	0.0	0.0	0.0	0.0	0.0	0.0	0.0	0.0	0.0	0.0	0.0	0.0	0.0	0.0	0.0	0.0	0.0	0.0	0.0	0.0	0.0	0.0																																					
lambdasample02	HDRlambdasample02_UVPSN_DEPTH_LPM.txt	2019-11-21 04:58:30	852.5	2.26	0.0	0.0	0.0	0.0	0.0	276.1061946902655	10.619469026548673	57.07964601769912	0.0	0.0	0.0	0.0	0.0	0.0	0.0	0.0	0.0	0.0	0.0	0.0	0.0	0.0	0.0	0.0	0.0	0.0	0.0	0.0	0.0	0.0																																					
lambdasample02	HDRlambdasample02_UVPSN_DEPTH_LPM.txt	2019-11-21 04:59:33	857.5	2.26	0.0	0.0	0.0	0.0	0.0	273.45132743362836	10.619469026548673	56.63716814159292	0.0	0.0	0.0	0.0	0.0	0.0	0.0	0.0	0.0	0.0	0.0	0.0	0.0	0.0	0.0	0.0	0.0	0.0	0.0	0.0	0.0	0.0																																					
lambdasample02	HDRlambdasample02_UVPSN_DEPTH_LPM.txt	2019-11-21 05:00:36	862.5	2.26	0.0	0.0	0.0	0.0	0.0	271.6814159292036	10.619469026548673	56.194690265486734	0.0	0.0	0.0	0.0	0.0	0.0	0.0	0.0	0.0	0.0	0.0	0.0	0.0	0.0	0.0	0.0	0.0	0.0	0.0	0.0	0.0	0.0																																					
lambdasample02	HDRlambdasample02_UVPSN_DEPTH_LPM.txt	2019-11-21 05:01:39	867.5	2.26	0.0	0.0	0.0	0.0	0.0	269.0265486725664	10.619469026548673	56.194690265486734	0.0	0.0	0.0	0.0	0.0	0.0	0.0	0.0	0.0	0.0	0.0	0.0	0.0	0.0	0.0	0.0	0.0	0.0	0.0	0.0	0.0	0.0																																					
lambdasample02	HDRlambdasample02_UVPSN_DEPTH_LPM.txt	2019-11-21 05:02:42	872.5	2.26	0.0	0.0	0.0	0.0	0.0	267.2566371681416	10.619469026548673	56.194690265486734	0.0	0.0	0.0	0.0	0.0	0.0	0.0	0.0	0.0	0.0	0.0	0.0	0.0	0.0	0.0	0.0	0.0	0.0	0.0	0.0	0.0	0.0																																					
lambdasample02	HDRlambdasample02_UVPSN_DEPTH_LPM.txt	2019-11-21 05:03:45	877.5	2.26	0.0	0.0	0.0	0.0	0.0	265.4867256637168	10.619469026548673	56.194690265486734	0.0	0.0	0.0	0.0	0.0	0.0	0.0	0.0	0.0	0.0	0.0	0.0	0.0	0.0	0.0	0.0	0.0	0.0	0.0	0.0	0.0	0.0																																					
lambdasample02	HDRlambdasample02_UVPSN_DEPTH_LPM.txt	2019-11-21 05:04:48	882.5	2.26	0.0	0.0	0.0	0.0	0.0	262.83185840707966	10.619469026548673	56.194690265486734	0.0	0.0	0.0	0.0	0.0	0.0	0.0	0.0	0.0	0.0	0.0	0.0	0.0	0.0	0.0	0.0	0.0	0.0	0.0	0.0	0.0	0.0																																					
lambdasample02	HDRlambdasample02_UVPSN_DEPTH_LPM.txt	2019-11-21 05:05:51	887.5	2.26	0.0	0.0	0.0	0.0	0.0	261.0619469026549	10.619469026548673	55.75221238938054	0.0	0.0	0.0	0.0	0.0	0.0	0.0	0.0	0.0	0.0	0.0	0.0	0.0	0.0	0.0	0.0	0.0	0.0	0.0	0.0	0.0	0.0																																					
lambdasample02	HDRlambdasample02_UVPSN_DEPTH_LPM.txt	2019-11-21 05:06:54	892.5	2.26	0.0	0.0	0.0	0.0	0.0	258.40707964601773	10.619469026548673	55.75221238938054	0.0	0.0	0.0	0.0	0.0	0.0	0.0	0.0	0.0	0.0	0.0	0.0	0.0	0.0	0.0	0.0	0.0	0.0	0.0	0.0	0.0	0.0																																					
lambdasample02	HDRlambdasample02_UVPSN_DEPTH_LPM.txt	2019-11-21 05:07:57	897.5	2.26	0.0	0.0	0.0	0.0	0.0	256.63716814159295	10.619469026548673	55.75221238938054	0.0	0.0	0.0	0.0	0.0	0.0	0.0	0.0	0.0	0.0	0.0	0.0	0.0	0.0	0.0	0.0	0.0	0.0	0.0	0.0	0.0	0.0																																					
lambdasample02	HDRlambdasample02_UVPSN_DEPTH_LPM.txt	2019-11-21 05:09:00	902.5	2.26	0.0	0.0	0.0	0.0	0.0	254.86725663716817	10.619469026548673	55.75221238938054	0.0	0.0	0.0	0.0	0.0	0.0	0.0	0.0	0.0	0.0	0.0	0.0	0.0	0.0	0.0	0.0	0.0	0.0	0.0	0.0	0.0	0.0																																					
lambdasample02	HDRlambdasample02_UVPSN_DEPTH_LPM.txt	2019-11-21 05:10:03	907.5	2.26	0.0	0.0	0.0	0.0	0.0	252.212389380531	10.619469026548673	55.75221238938054	0.0	0.0	0.0	0.0	0.0	0.0	0.0	0.0	0.0	0.0	0.0	0.0	0.0	0.0	0.0	0.0	0.0	0.0	0.0	0.0	0.0	0.0																																					
lambdasample02	HDRlambdasample02_UVPSN_DEPTH_LPM.txt	2019-11-21 05:11:06	912.5	2.26	0.0	0.0	0.0	0.0	0.0	250.4424778761062	10.619469026548673	55.30973451327434	0.0	0.0	0.0	0.0	0.0	0.0	0.0	0.0	0.0	0.0	0.0	0.0	0.0	0.0	0.0	0.0	0.0	0.0	0.0	0.0	0.0	0.0																																					
lambdasample02	HDRlambdasample02_UVPSN_DEPTH_LPM.txt	2019-11-21 05:12:09	917.5	2.26	0.0	0.0	0.0	0.0	0.0	247.78761061946906	10.619469026548673	55.30973451327434	0.0	0.0	0.0	0.0	0.0	0.0	0.0	0.0	0.0	0.0	0.0	0.0	0.0	0.0	0.0	0.0	0.0	0.0	0.0	0.0	0.0	0.0																																					
lambdasample02	HDRlambdasample02_UVPSN_DEPTH_LPM.txt	2019-11-21 05:13:12	922.5	2.26	0.0	0.0	0.0	0.0	0.0	246.01769911504428	10.619469026548673	55.30973451327434	0.0	0.0	0.0	0.0	0.0	0.0	0.0	0.0	0.0	0.0	0.0	0.0	0.0	0.0	0.0	0.0	0.0	0.0	0.0	0.0	0.0	0.0																																					
lambdasample02	HDRlambdasample02_UVPSN_DEPTH_LPM.txt	2019-11-21 05:14:15	927.5	2.26	0.0	0.0	0.0	0.0	0.0	244.2477876106195	10.619469026548673	55.30973451327434	0.0	0.0	0.0	0.0	0.0	0.0	0.0	0.0	0.0	0.0	0.0	0.0	0.0	0.0	0.0	0.0	0.0	0.0	0.0	0.0	0.0	0.0																																					
lambdasample02	HDRlambdasample02_UVPSN_DEPTH_LPM.txt	2019-11-21 05:15:18	932.5	2.26	0.0	0.0	0.0	0.0	0.0	241.59292035398232	10.619469026548673	55.30973451327434	0.0	0.0	0.0	0.0	0.0	0.0	0.0	0.0	0.0	0.0	0.0	0.0	0.0	0.0	0.0	0.0	0.0	0.0	0.0	0.0	0.0	0.0																																					
lambdasample02	HDRlambdasample02_UVPSN_DEPTH_LPM.txt	2019-11-21 05:16:21	937.5	2.26	0.0	0.0	0.0	0.0	0.0	239.82300884955754	10.619469026548673	54.86725663716815	0.0	0.0	0.0	0.0	0.0	0.0	0.0	0.0	0.0	0.0	0.0	0.0	0.0	0.0	0.0	0.0	0.0	0.0	0.0	0.0	0.0	0.0																																					
lambdasample02	HDRlambdasample02_UVPSN_DEPTH_LPM.txt	2019-11-21 05:17:24	942.5	2.26	0.0	0.0	0.0	0.0	0.0	237.16814159292036	10.619469026548673	54.86725663716815	0.0	0.0	0.0	0.0	0.0	0.0	0.0	0.0	0.0	0.0	0.0	0.0	0.0	0.0	0.0	0.0	0.0	0.0	0.0	0.0	0.0	0.0																																					
lambdasample02	HDRlambdasample02_UVPSN_DEPTH_LPM.txt	2019-11-21 05:18:27	947.5	2.26	0.0	0.0	0.0	0.0	0.0	235.3982300884956	10.619469026548673	54.42477876106195	0.0	0.0	0.0	0.0	0.0	0.0	0.0	0.0	0.0	0.0	0.0	0.0	0.0	0.0	0.0	0.0	0.0	0.0	0.0	0.0	0.0	0.0																																					
lambdasample02	HDRlambdasample02_UVPSN_DEPTH_LPM.txt	2019-11-21 05:19:30	952.5	2.26	0.0	0.0	0.0	0.0	0.0	233.62831858407083	10.619469026548673	54.42477876106195	0.0	0.0	0.0	0.0	0.0	0.0	0.0	0.0	0.0	0.0	0.0	0.0	0.0	0.0	0.0	0.0	0.0	0.0	0.0	0.0	0.0	0.0																																					
lambdasample02	HDRlambdasample02_UVPSN_DEPTH_LPM.txt	2019-11-21 05:20:33	957.5	2.26	0.0	0.0	0.0	0.0	0.0	230.97345132743365	10.619469026548673	54.42477876106195	0.0	0.0	0.0	0.0	0.0	0.0	0.0	0.0	0.0	0.0	0.0	0.0	0.0	0.0	0.0	0.0	0.0	0.0	0.0	0.0	0.0	0.0																																					
lambdasample02	HDRlambdasample02_UVPSN_DEPTH_LPM.txt	2019-11-21 05:21:36	962.5	2.26	0.0	0.0	0.0	0.0	0.0	229.20353982300887	10.619469026548673	53.982300884955755	0.0	0.0	0.0	0.0	0.0	0.0	0.0	0.0	0.0	0.0	0.0	0.0	0.0	0.0	0.0	0.0	0.0	0.0	0.0	0.0	0.0	0.0																																					
lambdasample02	HDRlambdasample02_UVPSN_DEPTH_LPM.txt	2019-11-21 05:22:39	967.5	2.26	0.0	0.0	0.0	0.0	0.0	226.5486725663717	10.619469026548673	53.982300884955755	0.0	0.0	0.0	0.0	0.0	0.0	0.0	0.0	0.0	0.0	0.0	0.0	0.0	0.0	0.0	0.0	0.0	0.0	0.0	0.0	0.0	0.0																																					
lambdasample02	HDRlambdasample02_UVPSN_DEPTH_LPM.txt	2019-11-21 05:23:42	972.5	2.26	0.0	0.0	0.0	0.0	0.0	224.77876106194694	10.619469026548673	53.982300884955755	0.0	0.0	0.0	0.0	0.0	0.0	0.0	0.0	0.0	0.0	0.0	0.0	0.0	0.0	0.0	0.0	0.0	0.0	0.0	0.0	0.0	0.0																																					
lambdasample02	HDRlambdasample02_UVPSN_DEPTH_LPM.txt	2019-11-21 05:24:45	977.5	2.26	0.0	0.0	0.0	0.0	0.0	223.00884955752215	10.619469026548673	53.982300884955755	0.0	0.0	0.0	0.0	0.0	0.0	0.0	0.0	0.0	0.0	0.0	0.0	0.0	0.0	0.0	0.0	0.0	0.0	0.0	0.0	0.0	0.0																																					
lambdasample02	HDRlambdasample02_UVPSN_DEPTH_LPM.txt	2019-11-21 05:25:48	982.5	2.26	0.0	0.0	0.0	0.0	0.0	220.35398230088498	10.619469026548673	53.53982300884956	0.0	0.0	0.0	0.0	0.0	0.0	0.0	0.0	0.0	0.0	0.0	0.0	0.0	0.0	0.0	0.0	0.0	0.0	0.0	0.0	0.0	0.0																																					
lambdasample02	HDRlambdasample02_UVPSN_DEPTH_LPM.txt	2019-11-21 05:26:51	987.5	2.26	0.0	0.0	0.0	0.0	0.0	218.5840707964602	10.619469026548673	53.53982300884956	0.0	0.0	0.0	0.0	0.0	0.0	0.0	0.0	0.0	0.0	0.0	0.0	0.0	0.0	0.0	0.0	0.0	0.0	0.0	0.0	0.0	0.0																																					
lambdasample02	HDRlambdasample02_UVPSN_DEPTH_LPM.txt	2019-11-21 05:27:54	992.5	2.26	0.0	0.0	0.0	0.0	0.0	215.92920353982302	10.619469026548673	53.53982300884956	0.0	0.0	0.0	0.0	0.0	0.0	0.0	0.0	0.0	0.0	0.0	0.0	0.0	0.0	0.0	0.0	0.0	0.0	0.0	0.0	0.0	0.0																																					
lambdasample02	HDRlambdasample02_UVPSN_DEPTH_LPM.txt	2019-11-21 05:28:57	997.5	2.26	0.0	0.0	0.0	0.0	0.0	214.15929203539824	10.619469026548673	53.53982300884956	0.0	0.0	0.0	0.0	0.0	0.0	0.0	0.0	0.0	0.0	0.0	0.0	0.0	0.0	0.0	0.0	0.0	0.0	0.0	0.0	0.0	0.0																																					
lambdasample02	HDRlambdasample02_UVPSN_DEPTH_LPM.txt	2019-11-21 05:30:00	1002.5	2.26	0.0	0.0	0.0	0.0	0.0	212.38938053097348	10.619469026548673	53.09734513274337	0.0	0.0	0.0	0.0	0.0	0.0	0.0	0.0	0.0	0.0	0.0	0.0	0.0	0.0	0.0	0.0	0.0	0.0	0.0	0.0	0.0	0.0																																					
lambdasample02	HDRlambdasample02_UVPSN_DEPTH_LPM.txt	2019-11-21 05:31:03	1007.5	2.26	0.0	0.0	0.0	0.0	0.0	211.06194690265488	10.619469026548673	53.09734513274337	0.0	0.0	0.0	0.0	0.0	0.0	0.0	0.0	0.0	0.0	0.0	0.0	0.0	0.0	0.0	0.0	0.0	0.0	0.0	0.0	0.0	0.0																																					
lambdasample02	HDRlambdasample02_UVPSN_DEPTH_LPM.txt	2019-11-21 05:32:06	1012.5	2.26	0.0	0.0	0.0	0.0	0.0	210.1769911504425	10.619469026548673	53.09734513274337	0.0	0.0	0.0	0.0	0.0	0.0	0.0	0.0	0.0	0.0	0.0	0.0	0.0	0.0	0.0	0.0	0.0	0.0	0.0	0.0	0.0	0.0																																					
lambdasample02	HDRlambdasample02_UVPSN_DEPTH_LPM.txt	2019-11-21 05:33:09	1017.5	2.26	0.0	0.0	0.0	0.0	0.0	208.84955752212392	10.619469026548673	53.09734513274337	0.0	0.0	0.0	0.0	0.0	0.0	0.0	0.0	0.0	0.0	0.0	0.0	0.0	0.0	0.0	0.0	0.0	0.0	0.0	0.0	0.0	0.0																																					
lambdasample02	HDRlambdasample02_UVPSN_DEPTH_LPM.txt	2019-11-21 05:34:12	1022.5	2.26	0.0	0.0	0.0	0.0	0.0	207.96460176991152	10.619469026548673	53.09734513274337	0.0	0.0	0.0	0.0	0.0	0.0	0.0	0.0	0.0	0.0	0.0	0.0	0.0	0.0	0.0	0.0	0.0	0.0	0.0	0.0	0.0	0.0																																					
lambdasample02	HDRlambdasample02_UVPSN_DEPTH_LPM.txt	2019-11-21 05:35:15	1027.5	2.26	0.0	0.0	0.0	0.0	0.0	207.07964601769913	10.619469026548673	52.654867256637175	0.0	0.0	0.0	0.0	0.0	0.0	0.0	0.0	0.0	0.0	0.0	0.0	0.0	0.0	0.0	0.0	0.0	0.0	0.0	0.0	0.0	0.0																																					
lambdasample02	HDRlambdasample02_UVPSN_DEPTH_LPM.txt	2019-11-21 05:36:18	1032.5	2.26	0.0	0.0	0.0	0.0	0.0	205.75221238938056	10.619469026548673	52.654867256637175	0.0	0.0	0.0	0.0	0.0	0.0	0.0	0.0	0.0	0.0	0.0	0.0	0.0	0.0	0.0	0.0	0.0	0.0	0.0	0.0	0.0	0.0																																					
lambdasample02	HDRlambdasample02_UVPSN_DEPTH_LPM.txt	2019-11-21 05:37:21	1037.5	2.26	0.0	0.0	0.0	0.0	0.0	204.86725663716817	10.619469026548673	52.654867256637175	0.0	0.0	0.0	0.0	0.0	0.0	0.0	0.0	0.0	0.0	0.0	0.0	0.0	0.0	0.0	0.0	0.0	0.0	0.0	0.0	0.0	0.0																																					
lambdasample02	HDRlambdasample02_UVPSN_DEPTH_LPM.txt	2019-11-21 05:38:24	1042.5	2.26	0.0	0.0	0.0	0.0	0.0	203.53982300884957	10.619469026548673	52.654867256637175	0.0	0.0	0.0	0.0	0.0	0.0	0.0	0.0	0.0	0.0	0.0	0.0	0.0	0.0	0.0	0.0	0.0	0.0	0.0	0.0	0.0	0.0																																					
lambdasample02	HDRlambdasample02_UVPSN_DEPTH_LPM.txt	2019-11-21 05:39:27	1047.5	2.26	0.0	0.0	0.0	0.0	0.0	202.65486725663717	10.619469026548673	52.21238938053098	0.0	0.0	0.0	0.0	0.0	0.0	0.0	0.0	0.0	0.0	0.0	0.0	0.0	0.0	0.0	0.0	0.0	0.0	0.0	0.0	0.0	0.0																																					
lambdasample02	HDRlambdasample02_UVPSN_DEPTH_LPM.txt	2019-11-21 05:40:30	1052.5	2.26	0.0	0.0	0.0	0.0	0.0	201.7699115044248	10.619469026548673	52.21238938053098	0.0	0.0	0.0	0.0	0.0	0.0	0.0	0.0	0.0	0.0	0.0	0.0	0.0	0.0	0.0	0.0	0.0	0.0	0.0	0.0	0.0	0.0																																					
lambdasample02	HDRlambdasample02_UVPSN_DEPTH_LPM.txt	2019-11-21 05:41:33	1057.5	2.26	0.0	0.0	0.0	0.0	0.0	200.4424778761062	10.619469026548673	51.76991150442478	0.0	0.0	0.0	0.0	0.0	0.0	0.0	0.0	0.0	0.0	0.0	0.0	0.0	0.0	0.0	0.0	0.0	0.0	0.0	0.0	0.0	0.0																																					
lambdasample02	HDRlambdasample02_UVPSN_DEPTH_LPM.txt	2019-11-21 05:42:36	1062.5	2.26	0.0	0.0	0.0	0.0	0.0	199.55752212389382	10.619469026548673	51.32743362831859	0.0	0.0	0.0	0.0	0.0	0.0	0.0	0.0	0.0	0.0	0.0	0.0	0.0	0.0	0.0	0.0	0.0	0.0	0.0	0.0	0.0	0.0																																					
lambdasample02	HDRlambdasample02_UVPSN_DEPTH_LPM.txt	2019-11-21 05:43:39	1067.5	2.26	0.0	0.0	0.0	0.0	0.0	198.23008849557525	10.619469026548673	51.32743362831859	0.0	0.0	0.0	0.0	0.0	0.0	0.0	0.0	0.0	0.0	0.0	0.0	0.0	0.0	0.0	0.0	0.0	0.0	0.0	0.0	0.0	0.0																																					
lambdasample02	HDRlambdasample02_UVPSN_DEPTH_LPM.txt	2019-11-21 05:44:42	1072.5	2.26	0.0	0.0	0.0	0.0	0.0	197.34513274336285	10.619469026548673	51.32743362831859	0.0	0.0	0.0	0.0	0.0	0.0	0.0	0.0	0.0	0.0	0.0	0.0	0.0	0.0	0.0	0.0	0.0	0.0	0.0	0.0	0.0	0.0																																					
lambdasample02	HDRlambdasample02_UVPSN_DEPTH_LPM.txt	2019-11-21 05:45:45	1077.5	2.26	0.0	0.0	0.0	0.0	0.0	196.46017699115046	10.619469026548673	51.32743362831859	0.0	0.0	0.0	0.0	0.0	0.0	0.0	0.0	0.0	0.0	0.0	0.0	0.0	0.0	0.0	0.0	0.0	0.0	0.0	0.0	0.0	0.0																																					
lambdasample02	HDRlambdasample02_UVPSN_DEPTH_LPM.txt	2019-11-21 05:46:48	1082.5	2.26	0.0	0.0	0.0	0.0	0.0	195.1327433628319	10.619469026548673	50.88495575221239	0.0	0.0	0.0	0.0	0.0	0.0	0.0	0.0	0.0	0.0	0.0	0.0	0.0	0.0	0.0	0.0	0.0	0.0	0.0	0.0	0.0	0.0																																					
lambdasample02	HDRlambdasample02_UVPSN_DEPTH_LPM.txt	2019-11-21 05:47:51	1087.5	2.26	0.0	0.0	0.0	0.0	0.0	194.2477876106195	10.619469026548673	50.88495575221239	0.0	0.0	0.0	0.0	0.0	0.0	0.0	0.0	0.0	0.0	0.0	0.0	0.0	0.0	0.0	0.0	0.0	0.0	0.0	0.0	0.0	0.0																																					
lambdasample02	HDRlambdasample02_UVPSN_DEPTH_LPM.txt	2019-11-21 05:48:54	1092.5	2.26	0.0	0.0	0.0	0.0	0.0	192.9203539823009	10.619469026548673	50.88495575221239	0.0	0.0	0.0	0.0	0.0	0.0	0.0	0.0	0.0	0.0	0.0	0.0	0.0	0.0	0.0	0.0	0.0	0.0	0.0	0.0	0.0	0.0																																					
lambdasample02	HDRlambdasample02_UVPSN_DEPTH_LPM.txt	2019-11-21 05:49:57	1097.5	2.26	0.0	0.0	0.0	0.0	0.0	192.0353982300885	10.619469026548673	50.88495575221239	0.0	0.0	0.0	0.0	0.0	0.0	0.0	0.0	0.0	0.0	0.0	0.0	0.0	0.0	0.0	0.0	0.0	0.0	0.0	0.0	0.0	0.0																																					
lambdasample02	HDRlambdasample02_UVPSN_DEPTH_LPM.txt	2019-11-21 05:51:00	1102.5	2.26	0.0	0.0	0.0	0.0	0.0	191.1504424778761	10.619469026548673	50.4424778761062	0.0	0.0	0.0	0.0	0.0	0.0	0.0	0.0	0.0	0.0	0.0	0.0	0.0	0.0	0.0	0.0	0.0	0.0	0.0	0.0	0.0	0.0																																					
lambdasample02	HDRlambdasample02_UVPSN_DEPTH_LPM.txt	2019-11-21 05:52:03	1107.5	2.26	0.0	0.0	0.0	0.0	0.0	189.82300884955754	10.619469026548673	50.4424778761062	0.0	0.0	0.0	0.0	0.0	0.0	0.0	0.0	0.0	0.0	0.0	0.0	0.0	0.0	0.0	0.0	0.0	0.0	0.0	0.0	0.0	0.0																																					
lambdasample02	HDRlambdasample02_UVPSN_DEPTH_LPM.txt	2019-11-21 05:53:06	1112.5	2.26	0.0	0.0	0.0	0.0	0.0	188.93805309734515	10.619469026548673	50.4424778761062	0.0	0.0	0.0	0.0	0.0	0.0	0.0	0.0	0.0	0.0	0.0	0.0	0.0	0.0	0.0	0.0	0.0	0.0	0.0	0.0	0.0	0.0																																					
lambdasample02	HDRlambdasample02_UVPSN_DEPTH_LPM.txt	2019-11-21 05:54:09	1117.5	2.26	0.0	0.0	0.0	0.0	0.0	187.61061946902657	10.619469026548673	50.00000000000001	0.0	0.0	0.0	0.0	0.0	0.0	0.0	0.0	0.0	0.0	0.0	0.0	0.0	0.0	0.0	0.0	0.0	0.0	0.0	0.0	0.0	0.0																																					
lambdasample02	HDRlambdasample02_UVPSN_DEPTH_LPM.txt	2019-11-21 05:55:12	1122.5	2.26	0.0	0.0	0.0	0.0	0.0	186.72566371681418	10.619469026548673	50.00000000000001	0.0	0.0	0.0	0.0	0.0	0.0	0.0	0.0	0.0	0.0	0.0	0.0	0.0	0.0	0.0	0.0	0.0	0.0	0.0	0.0	0.0	0.0																																					
lambdasample02	HDRlambdasample02_UVPSN_DEPTH_LPM.txt	2019-11-21 05:56:15	1127.5	2.26	0.0	0.0	0.0	0.0	0.0	185.8407079646018	10.619469026548673	50.00000000000001	0.0	0.0	0.0	0.0	0.0	0.0	0.0	0.0	0.0	0.0	0.0	0.0	0.0	0.0	0.0	0.0	0.0	0.0	0.0	0.0	0.0	0.0																																					
lambdasample02	HDRlambdasample02_UVPSN_DEPTH_LPM.txt	2019-11-21 05:57:18	1132.5	2.26	0.0	0.0	0.0	0.0	0.0	184.51327433628322	10.619469026548673	49.55752212389381	0.0	0.0	0.0	0.0	0.0	0.0	0.0	0.0	0.0	0.0	0.0	0.0	0.0	0.0	0.0	0.0	0.0	0.0	0.0	0.0	0.0	0.0																																					
lambdasample02	HDRlambdasample02_UVPSN_DEPTH_LPM.txt	2019-11-21 05:58:21	1137.5	2.26	0.0	0.0	0.0	0.0	0.0	183.62831858407083	10.619469026548673	49.55752212389381	0.0	0.0	0.0	0.0	0.0	0.0	0.0	0.0	0.0	0.0	0.0	0.0	0.0	0.0	0.0	0.0	0.0	0.0	0.0	0.0	0.0	0.0																																					
lambdasample02	HDRlambdasample02_UVPSN_DEPTH_LPM.txt	2019-11-21 05:59:24	1142.5	2.26	0.0	0.0	0.0	0.0	0.0	182.30088495575222	10.619469026548673	49.55752212389381	0.0	0.0	0.0	0.0	0.0	0.0	0.0	0.0	0.0	0.0	0.0	0.0	0.0	0.0	0.0	0.0	0.0	0.0	0.0	0.0	0.0	0.0																																					
lambdasample02	HDRlambdasample02_UVPSN_DEPTH_LPM.txt	2019-11-21 06:00:27	1147.5	2.26	0.0	0.0	0.0	0.0	0.0	181.41592920353983	10.619469026548673	49.115044247787615	0.0	0.0	0.0	0.0	0.0	0.0	0.0	0.0	0.0	0.0	0.0	0.0	0.0	0.0	0.0	0.0	0.0	0.0	0.0	0.0	0.0	0.0																																					
lambdasample02	HDRlambdasample02_UVPSN_DEPTH_LPM.txt	2019-11-21 06:01:30	1152.5	2.26	0.0	0.0	0.0	0.0	0.0	180.53097345132744	10.619469026548673	49.115044247787615	0.0	0.0	0.0	0.0	0.0	0.0	0.0	0.0	0.0	0.0	0.0	0.0	0.0	0.0	0.0	0.0	0.0	0.0	0.0	0.0	0.0	0.0																																					
lambdasample02	HDRlambdasample02_UVPSN_DEPTH_LPM.txt	2019-11-21 06:02:33	1157.5	2.26	0.0	0.0	0.0	0.0	0.0	179.20353982300887	10.619469026548673	49.115044247787615	0.0	0.0	0.0	0.0	0.0	0.0	0.0	0.0	0.0	0.0	0.0	0.0	0.0	0.0	0.0	0.0	0.0	0.0	0.0	0.0	0.0	0.0																																					
lambdasample02	HDRlambdasample02_UVPSN_DEPTH_LPM.txt	2019-11-21 06:03:36	1162.5	2.26	0.0	0.0	0.0	0.0	0.0	178.31858407079648	10.619469026548673	48.67256637168142	0.0	0.0	0.0	0.0	0.0	0.0	0.0	0.0	0.0	0.0	0.0	0.0	0.0	0.0	0.0	0.0	0.0	0.0	0.0	0.0	0.0	0.0																																					
lambdasample02	HDRlambdasample02_UVPSN_DEPTH_LPM.txt	2019-11-21 06:04:39	1167.5	2.26	0.0	0.0	0.0	0.0	0.0	176.9911504424779	10.619469026548673	48.67256637168142	0.0	0.0	0.0	0.0	0.0	0.0	0.0	0.0	0.0	0.0	0.0	0.0	0.0	0.0	0.0	0.0	0.0	0.0	0.0	0.0	0.0	0.0																																					
lambdasample02	HDRlambdasample02_UVPSN_DEPTH_LPM.txt	2019-11-21 06:05:42	1172.5	2.26	0.0	0.0	0.0	0.0	0.0	176.1061946902655	10.619469026548673	48.67256637168142	0.0	0.0	0.0	0.0	0.0	0.0	0.0	0.0	0.0	0.0	0.0	0.0	0.0	0.0	0.0	0.0	0.0	0.0	0.0	0.0	0.0	0.0																																					
lambdasample02	HDRlambdasample02_UVPSN_DEPTH_LPM.txt	2019-11-21 06:06:45	1177.5	2.26	0.0	0.0	0.0	0.0	0.0	175.22123893805312	10.619469026548673	48.230088495575224	0.0	0.0	0.0	0.0	0.0	0.0	0.0	0.0	0.0	0.0	0.0	0.0	0.0	0.0	0.0	0.0	0.0	0.0	0.0	0.0	0.0	0.0																																					
lambdasample02	HDRlambdasample02_UVPSN_DEPTH_LPM.txt	2019-11-21 06:07:48	1182.5	2.26	0.0	0.0	0.0	0.0	0.0	173.89380530973452	10.619469026548673	48.230088495575224	0.0	0.0	0.0	0.0	0.0	0.0	0.0	0.0	0.0	0.0	0.0	0.0	0.0	0.0	0.0	0.0	0.0	0.0	0.0	0.0	0.0	0.0																																					
lambdasample02	HDRlambdasample02_UVPSN_DEPTH_LPM.txt	2019-11-21 06:08:51	1187.5	2.26	0.0	0.0	0.0	0.0	0.0	173.00884955752215	10.619469026548673	47.78761061946903	0.0	0.0	0.0	0.0	0.0	0.0	0.0	0.0	0.0	0.0	0.0	0.0	0.0	0.0	0.0	0.0	0.0	0.0	0.0	0.0	0.0	0.0																																					
lambdasample02	HDRlambdasample02_UVPSN_DEPTH_LPM.txt	2019-11-21 06:09:54	1192.5	2.26	0.0	0.0	0.0	0.0	0.0	171.68141592920355	10.619469026548673	47.34513274336284	0.0	0.0	0.0	0.0	0.0	0.0	0.0	0.0	0.0	0.0	0.0	0.0	0.0	0.0	0.0	0.0	0.0	0.0	0.0	0.0	0.0	0.0																																					
lambdasample02	HDRlambdasample02_UVPSN_DEPTH_LPM.txt	2019-11-21 06:10:57	1197.5	2.26	0.0	0.0	0.0	0.0	0.0	170.79646017699116	10.619469026548673	47.34513274336284	0.0	0.0	0.0	0.0	0.0	0.0	0.0	0.0	0.0	0.0	0.0	0.0	0.0	0.0	0.0	0.0	0.0	0.0	0.0	0.0	0.0	0.0																																					
lambdasample02	HDRlambdasample02_UVPSN_DEPTH_LPM.txt	2019-11-21 06:12:00	1202.5	2.26	0.0	0.0	0.0	0.0	0.0	169.91150442477877	10.619469026548673	47.34513274336284	0.0	0.0	0.0	0.0	0.0	0.0	0.0	0.0	0.0	0.0	0.0	0.0	0.0	0.0	0.0	0.0	0.0	0.0	0.0	0.0	0.0	0.0																																					
lambdasample02	HDRlambdasample02_UVPSN_DEPTH_LPM.txt	2019-11-21 06:13:03	1207.5	2.26	0.0	0.0	0.0	0.0	0.0	168.5840707964602	10.619469026548673	46.90265486725664	0.0	0.0	0.0	0.0	0.0	0.0	0.0	0.0	0.0	0.0	0.0	0.0	0.0	0.0	0.0	0.0	0.0	0.0	0.0	0.0	0.0	0.0																																					
lambdasample02	HDRlambdasample02_UVPSN_DEPTH_LPM.txt	2019-11-21 06:14:06	1212.5	2.26	0.0	0.0	0.0	0.0	0.0	167.6991150442478	10.619469026548673	46.90265486725664	0.0	0.0	0.0	0.0	0.0	0.0	0.0	0.0	0.0	0.0	0.0	0.0	0.0	0.0	0.0	0.0	0.0	0.0	0.0	0.0	0.0	0.0																																					
lambdasample02	HDRlambdasample02_UVPSN_DEPTH_LPM.txt	2019-11-21 06:15:09	1217.5	2.26	0.0	0.0	0.0	0.0	0.0	166.37168141592923	10.619469026548673	46.46017699115045	0.0	0.0	0.0	0.0	0.0	0.0	0.0	0.0	0.0	0.0	0.0	0.0	0.0	0.0	0.0	0.0	0.0	0.0	0.0	0.0	0.0	0.0																																					
lambdasample02	HDRlambdasample02_UVPSN_DEPTH_LPM.txt	2019-11-21 06:16:12	1222.5	2.26	0.0	0.0	0.0	0.0	0.0	165.48672566371684	10.619469026548673	46.46017699115045	0.0	0.0	0.0	0.0	0.0	0.0	0.0	0.0	0.0	0.0	0.0	0.0	0.0	0.0	0.0	0.0	0.0	0.0	0.0	0.0	0.0	0.0																																					
lambdasample02	HDRlambdasample02_UVPSN_DEPTH_LPM.txt	2019-11-21 06:17:15	1227.5	2.26	0.0	0.0	0.0	0.0	0.0	164.60176991150445	10.619469026548673	46.46017699115045	0.0	0.0	0.0	0.0	0.0	0.0	0.0	0.0	0.0	0.0	0.0	0.0	0.0	0.0	0.0	0.0	0.0	0.0	0.0	0.0	0.0	0.0																																					
lambdasample02	HDRlambdasample02_UVPSN_DEPTH_LPM.txt	2019-11-21 06:18:18	1232.5	2.26	0.0	0.0	0.0	0.0	0.0	163.27433628318585	10.619469026548673	46.01769911504425	0.0	0.0	0.0	0.0	0.0	0.0	0.0	0.0	0.0	0.0	0.0	0.0	0.0	0.0	0.0	0.0	0.0	0.0	0.0	0.0	0.0	0.0																																					
lambdasample02	HDRlambdasample02_UVPSN_DEPTH_LPM.txt	2019-11-21 06:19:21	1237.5	2.26	0.0	0.0	0.0	0.0	0.0	162.38938053097345	10.619469026548673	46.01769911504425	0.0	0.0	0.0	0.0	0.0	0.0	0.0	0.0	0.0	0.0	0.0	0.0	0.0	0.0	0.0	0.0	0.0	0.0	0.0	0.0	0.0	0.0																																					
lambdasample02	HDRlambdasample02_UVPSN_DEPTH_LPM.txt	2019-11-21 06:20:24	1242.5	2.26	0.0	0.0	0.0	0.0	0.0	161.06194690265488	10.619469026548673	45.575221238938056	0.0	0.0	0.0	0.0	0.0	0.0	0.0	0.0	0.0	0.0	0.0	0.0	0.0	0.0	0.0	0.0	0.0	0.0	0.0	0.0	0.0	0.0																																					
lambdasample02	HDRlambdasample02_UVPSN_DEPTH_LPM.txt	2019-11-21 06:21:27	1247.5	2.26	0.0	0.0	0.0	0.0	0.0	160.1769911504425	10.619469026548673	45.575221238938056	0.0	0.0	0.0	0.0	0.0	0.0	0.0	0.0	0.0	0.0	0.0	0.0	0.0	0.0	0.0	0.0	0.0	0.0	0.0	0.0	0.0	0.0																																					
lambdasample02	HDRlambdasample02_UVPSN_DEPTH_LPM.txt	2019-11-21 06:22:30	1252.5	2.26	0.0	0.0	0.0	0.0	0.0	159.2920353982301	10.619469026548673	45.13274336283186	0.0	0.0	0.0	0.0	0.0	0.0	0.0	0.0	0.0	0.0	0.0	0.0	0.0	0.0	0.0	0.0	0.0	0.0	0.0	0.0	0.0	0.0																																					
lambdasample02	HDRlambdasample02_UVPSN_DEPTH_LPM.txt	2019-11-21 06:23:33	1257.5	2.26	0.0	0.0	0.0	0.0	0.0	157.96460176991152	10.619469026548673	45.13274336283186	0.0	0.0	0.0	0.0	0.0	0.0	0.0	0.0	0.0	0.0	0.0	0.0	0.0	0.0	0.0	0.0	0.0	0.0	0.0	0.0	0.0	0.0																																					
lambdasample02	HDRlambdasample02_UVPSN_DEPTH_LPM.txt	2019-11-21 06:24:36	1262.5	2.26	0.0	0.0	0.0	0.0	0.0	157.07964601769913	10.619469026548673	44.69026548672567	0.0	0.0	0.0	0.0	0.0	0.0	0.0	0.0	0.0	0.0	0.0	0.0	0.0	0.0	0.0	0.0	0.0	0.0	0.0	0.0	0.0	0.0																																					
lambdasample02	HDRlambdasample02_UVPSN_DEPTH_LPM.txt	2019-11-21 06:25:39	1267.5	2.26	0.0	0.0	0.0	0.0	0.0	155.75221238938053	10.619469026548673	44.69026548672567	0.0	0.0	0.0	0.0	0.0	0.0	0.0	0.0	0.0	0.0	0.0	0.0	0.0	0.0	0.0	0.0	0.0	0.0	0.0	0.0	0.0	0.0																																					
lambdasample02	HDRlambdasample02_UVPSN_DEPTH_LPM.txt	2019-11-21 06:26:42	1272.5	2.26	0.0	0.0	0.0	0.0	0.0	154.86725663716817	10.619469026548673	44.247787610619476	0.0	0.0	0.0	0.0	0.0	0.0	0.0	0.0	0.0	0.0	0.0	0.0	0.0	0.0	0.0	0.0	0.0	0.0	0.0	0.0	0.0	0.0																																					
lambdasample02	HDRlambdasample02_UVPSN_DEPTH_LPM.txt	2019-11-21 06:27:45	1277.5	2.26	0.0	0.0	0.0	0.0	0.0	153.98230088495578	10.619469026548673	44.247787610619476	0.0	0.0	0.0	0.0	0.0	0.0	0.0	0.0	0.0	0.0	0.0	0.0	0.0	0.0	0.0	0.0	0.0	0.0	0.0	0.0	0.0	0.0																																					
lambdasample02	HDRlambdasample02_UVPSN_DEPTH_LPM.txt	2019-11-21 06:28:48	1282.5	2.26	0.0	0.0	0.0	0.0	0.0	152.65486725663717	10.619469026548673	43.80530973451328	0.0	0.0	0.0	0.0	0.0	0.0	0.0	0.0	0.0	0.0	0.0	0.0	0.0	0.0	0.0	0.0	0.0	0.0	0.0	0.0	0.0	0.0																																					
lambdasample02	HDRlambdasample02_UVPSN_DEPTH_LPM.txt	2019-11-21 06:29:51	1287.5	2.26	0.0	0.0	0.0	0.0	0.0	151.76991150442478	10.619469026548673	43.80530973451328	0.0	0.0	0.0	0.0	0.0	0.0	0.0	0.0	0.0	0.0	0.0	0.0	0.0	0.0	0.0	0.0	0.0	0.0	0.0	0.0	0.0	0.0																																					
lambdasample02	HDRlambdasample02_UVPSN_DEPTH_LPM.txt	2019-11-21 06:30:54	1292.5	2.26	0.0	0.0	0.0	0.0	0.0	150.4424778761062	10.619469026548673	43.362831858407084	0.0	0.0	0.0	0.0	0.0	0.0	0.0	0.0	0.0	0.0	0.0	0.0	0.0	0.0	0.0	0.0	0.0	0.0	0.0	0.0	0.0	0.0																																					
lambdasample02	HDRlambdasample02_UVPSN_DEPTH_LPM.txt	2019-11-21 06:31:57	1297.5	2.26	0.0	0.0	0.0	0.0	0.0	149.55752212389382	10.619469026548673	43.362831858407084	0.0	0.0	0.0	0.0	0.0	0.0	0.0	0.0	0.0	0.0	0.0	0.0	0.0	0.0	0.0	0.0	0.0	0.0	0.0	0.0	0.0	0.0																																					
lambdasample02	HDRlambdasample02_UVPSN_DEPTH_LPM.txt	2019-11-21 06:33:00	1302.5	2.26	0.0	0.0	0.0	0.0	0.0	148.67256637168143	10.619469026548673	42.92035398230089	0.0	0.0	0.0	0.0	0.0	0.0	0.0	0.0	0.0	0.0	0.0	0.0	0.0	0.0	0.0	0.0	0.0	0.0	0.0	0.0	0.0	0.0																																					
lambdasample02	HDRlambdasample02_UVPSN_DEPTH_LPM.txt	2019-11-21 06:34:03	1307.5	2.26	0.0	0.0	0.0	0.0	0.0	147.34513274336285	10.619469026548673	42.92035398230089	0.0	0.0	0.0	0.0	0.0	0.0	0.0	0.0	0.0	0.0	0.0	0.0	0.0	0.0	0.0	0.0	0.0	0.0	0.0	0.0	0.0	0.0																																					
lambdasample02	HDRlambdasample02_UVPSN_DEPTH_LPM.txt	2019-11-21 06:35:06	1312.5	2.26	0.0	0.0	0.0	0.0	0.0	146.46017699115046	10.619469026548673	42.47787610619469	0.0	0.0	0.0	0.0	0.0	0.0	0.0	0.0	0.0	0.0	0.0	0.0	0.0	0.0	0.0	0.0	0.0	0.0	0.0	0.0	0.0	0.0																																					
lambdasample02	HDRlambdasample02_UVPSN_DEPTH_LPM.txt	2019-11-21 06:36:09	1317.5	2.26	0.0	0.0	0.0	0.0	0.0	145.13274336283186	10.619469026548673	42.0353982300885	0.0	0.0	0.0	0.0	0.0	0.0	0.0	0.0	0.0	0.0	0.0	0.0	0.0	0.0	0.0	0.0	0.0	0.0	0.0	0.0	0.0	0.0																																					
lambdasample02	HDRlambdasample02_UVPSN_DEPTH_LPM.txt	2019-11-21 06:37:12	1322.5	2.26	0.0	0.0	0.0	0.0	0.0	144.24778761061947	10.619469026548673	42.0353982300885	0.0	0.0	0.0	0.0	0.0	0.0	0.0	0.0	0.0	0.0	0.0	0.0	0.0	0.0	0.0	0.0	0.0	0.0	0.0	0.0	0.0	0.0																																					
lambdasample02	HDRlambdasample02_UVPSN_DEPTH_LPM.txt	2019-11-21 06:38:15	1327.5	2.26	0.0	0.0	0.0	0.0	0.0	143.3628318584071	10.619469026548673	41.59292035398231	0.0	0.0	0.0	0.0	0.0	0.0	0.0	0.0	0.0	0.0	0.0	0.0	0.0	0.0	0.0	0.0	0.0	0.0	0.0	0.0	0.0	0.0																																					
lambdasample02	HDRlambdasample02_UVPSN_DEPTH_LPM.txt	2019-11-21 06:39:18	1332.5	2.26	0.0	0.0	0.0	0.0	0.0	142.0353982300885	10.619469026548673	41.59292035398231	0.0	0.0	0.0	0.0	0.0	0.0	0.0	0.0	0.0	0.0	0.0	0.0	0.0	0.0	0.0	0.0	0.0	0.0	0.0	0.0	0.0	0.0																																					
lambdasample02	HDRlambdasample02_UVPSN_DEPTH_LPM.txt	2019-11-21 06:40:21	1337.5	2.26	0.0	0.0	0.0	0.0	0.0	141.1504424778761	10.619469026548673	41.15044247787611	0.0	0.0	0.0	0.0	0.0	0.0	0.0	0.0	0.0	0.0	0.0	0.0	0.0	0.0	0.0	0.0	0.0	0.0	0.0	0.0	0.0	0.0																																					
lambdasample02	HDRlambdasample02_UVPSN_DEPTH_LPM.txt	2019-11-21 06:41:24	1342.5	2.26	0.0	0.0	0.0	0.0	0.0	139.82300884955754	10.619469026548673	40.707964601769916	0.0	0.0	0.0	0.0	0.0	0.0	0.0	0.0	0.0	0.0	0.0	0.0	0.0	0.0	0.0	0.0	0.0	0.0	0.0	0.0	0.0	0.0																																					
lambdasample02	HDRlambdasample02_UVPSN_DEPTH_LPM.txt	2019-11-21 06:42:27	1347.5	2.26	0.0	0.0	0.0	0.0	0.0	138.93805309734515	10.619469026548673	40.26548672566372	0.0	0.0	0.0	0.0	0.0	0.0	0.0	0.0	0.0	0.0	0.0	0.0	0.0	0.0	0.0	0.0	0.0	0.0	0.0	0.0	0.0	0.0																																					
lambdasample02	HDRlambdasample02_UVPSN_DEPTH_LPM.txt	2019-11-21 06:43:30	1352.5	2.26	0.0	0.0	0.0	0.0	0.0	138.05309734513276	10.619469026548673	40.26548672566372	0.0	0.0	0.0	0.0	0.0	0.0	0.0	0.0	0.0	0.0	0.0	0.0	0.0	0.0	0.0	0.0	0.0	0.0	0.0	0.0	0.0	0.0																																					
lambdasample02	HDRlambdasample02_UVPSN_DEPTH_LPM.txt	2019-11-21 06:44:33	1357.5	2.26	0.0	0.0	0.0	0.0	0.0	136.72566371681418	10.619469026548673	39.38053097345133	0.0	0.0	0.0	0.0	0.0	0.0	0.0	0.0	0.0	0.0	0.0	0.0	0.0	0.0	0.0	0.0	0.0	0.0	0.0	0.0	0.0	0.0																																					
lambdasample02	HDRlambdasample02_UVPSN_DEPTH_LPM.txt	2019-11-21 06:45:36	1362.5	2.26	0.0	0.0	0.0	0.0	0.0	135.8407079646018	10.619469026548673	38.93805309734513	0.0	0.0	0.0	0.0	0.0	0.0	0.0	0.0	0.0	0.0	0.0	0.0	0.0	0.0	0.0	0.0	0.0	0.0	0.0	0.0	0.0	0.0																																					
lambdasample02	HDRlambdasample02_UVPSN_DEPTH_LPM.txt	2019-11-21 06:46:39	1367.5	2.26	0.0	0.0	0.0	0.0	0.0	134.5132743362832	10.619469026548673	38.495575221238944	0.0	0.0	0.0	0.0	0.0	0.0	0.0	0.0	0.0	0.0	0.0	0.0	0.0	0.0	0.0	0.0	0.0	0.0	0.0	0.0	0.0	0.0																																					
lambdasample02	HDRlambdasample02_UVPSN_DEPTH_LPM.txt	2019-11-21 06:47:42	1372.5	2.26	0.0	0.0	0.0	0.0	0.0	133.6283185840708	10.619469026548673	38.05309734513275	0.0	0.0	0.0	0.0	0.0	0.0	0.0	0.0	0.0	0.0	0.0	0.0	0.0	0.0	0.0	0.0	0.0	0.0	0.0	0.0	0.0	0.0																																					
lambdasample02	HDRlambdasample02_UVPSN_DEPTH_LPM.txt	2019-11-21 06:48:45	1377.5	2.26	0.0	0.0	0.0	0.0	0.0	132.7433628318584	10.619469026548673	38.05309734513275	0.0	0.0	0.0	0.0	0.0	0.0	0.0	0.0	0.0	0.0	0.0	0.0	0.0	0.0	0.0	0.0	0.0	0.0	0.0	0.0	0.0	0.0																																					
lambdasample02	HDRlambdasample02_UVPSN_DEPTH_LPM.txt	2019-11-21 06:49:48	1382.5	2.26	0.0	0.0	0.0	0.0	0.0	131.41592920353983	10.619469026548673	37.61061946902655	0.0	0.0	0.0	0.0	0.0	0.0	0.0	0.0	0.0	0.0	0.0	0.0	0.0	0.0	0.0	0.0	0.0	0.0	0.0	0.0	0.0	0.0																																					
lambdasample02	HDRlambdasample02_UVPSN_DEPTH_LPM.txt	2019-11-21 06:50:51	1387.5	2.26	0.0	0.0	0.0	0.0	0.0	130.53097345132744	10.619469026548673	37.16814159292036	0.0	0.0	0.0	0.0	0.0	0.0	0.0	0.0	0.0	0.0	0.0	0.0	0.0	0.0	0.0	0.0	0.0	0.0	0.0	0.0	0.0	0.0																																					
lambdasample02	HDRlambdasample02_UVPSN_DEPTH_LPM.txt	2019-11-21 06:51:54	1392.5	2.26	0.0	0.0	0.0	0.0	0.0	129.20353982300887	10.619469026548673	36.72566371681416	0.0	0.0	0.0	0.0	0.0	0.0	0.0	0.0	0.0	0.0	0.0	0.0	0.0	0.0	0.0	0.0	0.0	0.0	0.0	0.0	0.0	0.0																																					
lambdasample02	HDRlambdasample02_UVPSN_DEPTH_LPM.txt	2019-11-21 06:52:57	1397.5	2.26	0.0	0.0	0.0	0.0	0.0	128.31858407079648	10.619469026548673	36.283185840707965	0.0	0.0	0.0	0.0	0.0	0.0	0.0	0.0	0.0	0.0	0.0	0.0	0.0	0.0	0.0	0.0	0.0	0.0	0.0	0.0	0.0	0.0																																					
lambdasample02	HDRlambdasample02_UVPSN_DEPTH_LPM.txt	2019-11-21 06:54:00	1402.5	2.26	0.0	0.0	0.0	0.0	0.0	127.43362831858408	10.619469026548673	35.840707964601776	0.0	0.0	0.0	0.0	0.0	0.0	0.0	0.0	0.0	0.0	0.0	0.0	0.0	0.0	0.0	0.0	0.0	0.0	0.0	0.0	0.0	0.0																																					
lambdasample02	HDRlambdasample02_UVPSN_DEPTH_LPM.txt	2019-11-21 06:55:03	1407.5	2.26	0.0	0.0	0.0	0.0	0.0	126.1061946902655	10.619469026548673	35.39823008849558	0.0	0.0	0.0	0.0	0.0	0.0	0.0	0.0	0.0	0.0	0.0	0.0	0.0	0.0	0.0	0.0	0.0	0.0	0.0	0.0	0.0	0.0																																					
lambdasample02	HDRlambdasample02_UVPSN_DEPTH_LPM.txt	2019-11-21 06:56:06	1412.5	2.26	0.0	0.0	0.0	0.0	0.0	125.2212389380531	10.619469026548673	34.51327433628319	0.0	0.0	0.0	0.0	0.0	0.0	0.0	0.0	0.0	0.0	0.0	0.0	0.0	0.0	0.0	0.0	0.0	0.0	0.0	0.0	0.0	0.0																																					
lambdasample02	HDRlambdasample02_UVPSN_DEPTH_LPM.txt	2019-11-21 06:57:09	1417.5	2.26	0.0	0.0	0.0	0.0	0.0	123.89380530973453	10.619469026548673	34.07079646017699	0.0	0.0	0.0	0.0	0.0	0.0	0.0	0.0	0.0	0.0	0.0	0.0	0.0	0.0	0.0	0.0	0.0	0.0	0.0	0.0	0.0	0.0																																					
lambdasample02	HDRlambdasample02_UVPSN_DEPTH_LPM.txt	2019-11-21 06:58:12	1422.5	2.26	0.0	0.0	0.0	0.0	0.0	123.00884955752214	10.619469026548673	33.6283185840708	0.0	0.0	0.0	0.0	0.0	0.0	0.0	0.0	0.0	0.0	0.0	0.0	0.0	0.0	0.0	0.0	0.0	0.0	0.0	0.0	0.0	0.0																																					
lambdasample02	HDRlambdasample02_UVPSN_DEPTH_LPM.txt	2019-11-21 06:59:15	1427.5	2.26	0.0	0.0	0.0	0.0	0.0	122.12389380530975	10.619469026548673	32.74336283185841	0.0	0.0	0.0	0.0	0.0	0.0	0.0	0.0	0.0	0.0	0.0	0.0	0.0	0.0	0.0	0.0	0.0	0.0	0.0	0.0	0.0	0.0																																					
lambdasample02	HDRlambdasample02_UVPSN_DEPTH_LPM.txt	2019-11-21 07:00:18	1432.5	2.26	0.0	0.0	0.0	0.0	0.0	120.79646017699116	10.619469026548673	32.30088495575222	0.0	0.0	0.0	0.0	0.0	0.0	0.0	0.0	0.0	0.0	0.0	0.0	0.0	0.0	0.0	0.0	0.0	0.0	0.0	0.0	0.0	0.0																																					
lambdasample02	HDRlambdasample02_UVPSN_DEPTH_LPM.txt	2019-11-21 07:01:21	1437.5	2.26	0.0	0.0	0.0	0.0	0.0	119.91150442477877	10.619469026548673	31.415929203539825	0.0	0.0	0.0	0.0	0.0	0.0	0.0	0.0	0.0	0.0	0.0	0.0	0.0	0.0	0.0	0.0	0.0	0.0	0.0	0.0	0.0	0.0																																					
lambdasample02	HDRlambdasample02_UVPSN_DEPTH_LPM.txt	2019-11-21 07:02:24	1442.5	2.26	0.0	0.0	0.0	0.0	0.0	118.58407079646018	10.619469026548673	30.973451327433633	0.0	0.0	0.0	0.0	0.0	0.0	0.0	0.0	0.0	0.0	0.0	0.0	0.0	0.0	0.0	0.0	0.0	0.0	0.0	0.0	0.0	0.0																																					
lambdasample02	HDRlambdasample02_UVPSN_DEPTH_LPM.txt	2019-11-21 07:03:27	1447.5	2.26	0.0	0.0	0.0	0.0	0.0	117.6991150442478	10.619469026548673	30.08849557522124	0.0	0.0	0.0	0.0	0.0	0.0	0.0	0.0	0.0	0.0	0.0	0.0	0.0	0.0	0.0	0.0	0.0	0.0	0.0	0.0	0.0	0.0																																					
lambdasample02	HDRlambdasample02_UVPSN_DEPTH_LPM.txt	2019-11-21 07:04:30	1452.5	2.26	0.0	0.0	0.0	0.0	0.0	116.81415929203541	10.619469026548673	29.203539823008853	0.0	0.0	0.0	0.0	0.0	0.0	0.0	0.0	0.0	0.0	0.0	0.0	0.0	0.0	0.0	0.0	0.0	0.0	0.0	0.0	0.0	0.0																																					
lambdasample02	HDRlambdasample02_UVPSN_DEPTH_LPM.txt	2019-11-21 07:05:33	1457.5	2.26	0.0	0.0	0.0	0.0	0.0	115.48672566371683	10.619469026548673	28.31858407079646	0.0	0.0	0.0	0.0	0.0	0.0	0.0	0.0	0.0	0.0	0.0	0.0	0.0	0.0	0.0	0.0	0.0	0.0	0.0	0.0	0.0	0.0																																					
lambdasample02	HDRlambdasample02_UVPSN_DEPTH_LPM.txt	2019-11-21 07:06:36	1462.5	2.26	0.0	0.0	0.0	0.0	0.0	114.60176991150443	10.619469026548673	27.433628318584073	0.0	0.0	0.0	0.0	0.0	0.0	0.0	0.0	0.0	0.0	0.0	0.0	0.0	0.0	0.0	0.0	0.0	0.0	0.0	0.0	0.0	0.0																																					
lambdasample02	HDRlambdasample02_UVPSN_DEPTH_LPM.txt	2019-11-21 07:07:39	1467.5	2.26	0.0	0.0	0.0	0.0	0.0	113.27433628318585	10.619469026548673	26.10619469026549	0.0	0.0	0.0	0.0	0.0	0.0	0.0	0.0	0.0	0.0	0.0	0.0	0.0	0.0	0.0	0.0	0.0	0.0	0.0	0.0	0.0	0.0																																					
lambdasample02	HDRlambdasample02_UVPSN_DEPTH_LPM.txt	2019-11-21 07:08:42	1472.5	2.26	0.0	0.0	0.0	0.0	0.0	112.38938053097347	10.619469026548673	24.778761061946906	0.0	0.0	0.0	0.0	0.0	0.0	0.0	0.0	0.0	0.0	0.0	0.0	0.0	0.0	0.0	0.0	0.0	0.0	0.0	0.0	0.0	0.0																																					
lambdasample02	HDRlambdasample02_UVPSN_DEPTH_LPM.txt	2019-11-21 07:09:45	1477.5	2.26	0.0	0.0	0.0	0.0	0.0	111.50442477876108	10.619469026548673	23.45132743362832	0.0	0.0	0.0	0.0	0.0	0.0	0.0	0.0	0.0	0.0	0.0	0.0	0.0	0.0	0.0	0.0	0.0	0.0	0.0	0.0	0.0	0.0																																					
lambdasample02	HDRlambdasample02_UVPSN_DEPTH_LPM.txt	2019-11-21 07:10:48	1482.5	2.26	0.0	0.0	0.0	0.0	0.0	110.17699115044249	10.619469026548673	22.123893805309738	0.0	0.0	0.0	0.0	0.0	0.0	0.0	0.0	0.0	0.0	0.0	0.0	0.0	0.0	0.0	0.0	0.0	0.0	0.0	0.0	0.0	0.0																																					
lambdasample02	HDRlambdasample02_UVPSN_DEPTH_LPM.txt	2019-11-21 07:11:51	1487.5	2.26	0.0	0.0	0.0	0.0	0.0	109.2920353982301	10.619469026548673	19.911504424778762	0.0	0.0	0.0	0.0	0.0	0.0	0.0	0.0	0.0	0.0	0.0	0.0	0.0	0.0	0.0	0.0	0.0	0.0	0.0	0.0	0.0	0.0																																					
lambdasample02	HDRlambdasample02_UVPSN_DEPTH_LPM.txt	2019-11-21 07:12:54	1492.5	2.26	0.0	0.0	0.0	0.0	0.0	107.96460176991151	10.619469026548673	17.69911504424779	0.0	0.0	0.0	0.0	0.0	0.0	0.0	0.0	0.0	0.0	0.0	0.0	0.0	0.0	0.0	0.0	0.0	0.0	0.0	0.0	0.0	0.0																																					
lambdasample02	HDRlambdasample02_UVPSN_DEPTH_LPM.txt	2019-11-21 07:13:57	1497.5	2.26	0.0	0.0	0.0	0.0	0.0	107.07964601769912	10.619469026548673	14.601769911504427	0.0	0.0	0.0	0.0	0.0	0.0	0.0	0.0	0.0	0.0	0.0	0.0	0.0	0.0	0.0	0.0	0.0	0.0	0.0	0.0	0.0	0.0																																					
